Workbook
Name modelNames: Names!$A$1:$B$19

Sheet README
B2: Once you have ran Main_Section_5.m and

Sheet rmsfe
A1: OriginalVariableNames | B1: T_1 | C1: T_2 | D1: T_3 | E1: T_4 | F1: T_5 | G1: T_6 | H1: T_7 | I1: T_8 | J1: varcell | K1: speccell | L1: cuntcell | M1: dataspeccell | N1: modelname
A2: y_DE_N15G3f_spec02 | B2: 1 | C2: 1 | D2: 1 | E2: 1 | F2: 1 | G2: 1 | H2: 1 | I2: 1 | J2: y | K2: spec02 | L2: DE | M2: N15G3f | N2: =VLOOKUP(K2,modelNames,2,FALSE) -> ZS
A3: y_DE_N15G3f_spec01 | B3: 0.98348555 | C3: 1.0152793 | D3: 0.97763966 | E3: 0.946038 | F3: 1.0033709 | G3: 0.99149068 | H3: 0.96123831 | I3: 0.97644871 | J3: y | K3: spec01 | L3: DE | M3: N15G3f | N3: =VLOOKUP(K3,modelNames,2,FALSE) -> ZS\&POOL
A4: y_DE_N15G3f_spec04 | B4: 0.98034768 | C4: 1.0427682 | D4: 0.99952552 | E4: 0.95175094 | F4: 1.0109871 | G4: 0.98720472 | H4: 0.96381849 | I4: 1.0351922 | J4: y | K4: spec04 | L4: DE | M4: N15G3f | N4: =VLOOKUP(K4,modelNames,2,FALSE) -> ZSGL
A5: y_DE_N15G3f_spec07 | B5: 1.0870203 | C5: 1.225027 | D5: 1.1593299 | E5: 1.2454872 | F5: 1.3786238 | G5: 1.2670782 | H5: 1.3518406 | I5: 1.4410401 | J5: y | K5: spec07 | L5: DE | M5: N15G3f | N5: =VLOOKUP(K5,modelNames,2,FALSE) -> BFCS
A6: y_DE_N15G3f_spec08 | B6: 0.97689223 | C6: 1.0388447 | D6: 1.0158731 | E6: 0.92118022 | F6: 0.96297031 | G6: 0.95828231 | H6: 0.91321373 | I6: 1.0155249 | J6: y | K6: spec08 | L6: DE | M6: N15G3f | N6: =VLOOKUP(K6,modelNames,2,FALSE) -> SSSS
A7: y_DE_N15G3f_spec09 | B7: 0.9496043 | C7: 1.0073412 | D7: 0.97637514 | E7: 0.9877844 | F7: 0.99466192 | G7: 1.0457974 | H7: 1.0448649 | I7: 1.013586 | J7: y | K7: spec09 | L7: DE | M7: N15G3f | N7: =VLOOKUP(K7,modelNames,2,FALSE) -> BMS
A8: y_DE_N15G3f_spec10 | B8: 0.95542129 | C8: 1.8127125 | D8: 1.8514791 | E8: 1.8715608 | F8: 1.9616715 | G8: 2.0477328 | H8: 2.0206027 | I8: 2.0896049 | J8: y | K8: spec10 | L8: DE | M8: N15G3f | N8: =VLOOKUP(K8,modelNames,2,FALSE) -> CC
A9: y_DE_N15G3f_spec03 | B9: 1.0274715 | C9: 1.0456869 | D9: 1.0273626 | E9: 0.98028205 | F9: 0.97391618 | G9: 0.98071175 | H9: 0.98293781 | I9: 0.99156274 | J9: y | K9: spec03 | L9: DE | M9: N15G3f | N9: =VLOOKUP(K9,modelNames,2,FALSE) -> POOL
A10: y_FR_N15G3f_spec02 | B10: 1 | C10: 1 | D10: 1 | E10: 1 | F10: 1 | G10: 1 | H10: 1 | I10: 1 | J10: y | K10: spec02 | L10: FR | M10: N15G3f | N10: =VLOOKUP(K10,modelNames,2,FALSE) -> ZS
A11: y_FR_N15G3f_spec01 | B11: 1.0114353 | C11: 1.0112038 | D11: 1.0489783 | E11: 1.0030992 | F11: 0.95884274 | G11: 1.0050542 | H11: 0.94965967 | I11: 0.97820838 | J11: y | K11: spec01 | L11: FR | M11: N15G3f | N11: =VLOOKUP(K11,modelNames,2,FALSE) -> ZS\&POOL
A12: y_FR_N15G3f_spec04 | B12: 0.98259733 | C12: 1.0484339 | D12: 1.0806965 | E12: 1.0065729 | F12: 0.96033722 | G12: 1.0232133 | H12: 1.0096423 | I12: 1.0355854 | J12: y | K12: spec04 | L12: FR | M12: N15G3f | N12: =VLOOKUP(K12,modelNames,2,FALSE) -> ZSGL
A13: y_FR_N15G3f_spec07 | B13: 1.1909051 | C13: 1.5158822 | D13: 1.6274829 | E13: 1.6696786 | F13: 1.6504255 | G13: 1.6558829 | H13: 1.5986419 | I13: 1.6971585 | J13: y | K13: spec07 | L13: FR | M13: N15G3f | N13: =VLOOKUP(K13,modelNames,2,FALSE) -> BFCS
... A405: r_CH_N15G3f_spec03 | B405: 1.0776086 | C405: 1.0872195 | D405: 1.1023436 | E405: 1.0809719 | F405: 1.100423 | G405: 1.1422394 | H405: 1.1706941 | I405: 1.1879427 | J405: r | K405: spec03 | L405: CH | M405: N15G3f | N405: =VLOOKUP(K405,modelNames,2,FALSE) -> POOL
A406: r_CH_N15G3f_spec18 | B406: 0.9665937 | C406: 0.97691701 | D406: 0.99914171 | E406: 0.96473883 | F406: 0.97425244 | G406: 0.97300955 | H406: 0.98684563 | I406: 0.97421517 | J406: r | K406: spec18 | L406: CH | M406: N15G3f | N406: J

Sheet rmsfe_Pivot_T1
S1: 0.1 | AM1: 0.05
A3: Sum of T_1 | B3: Column Labels | S3: Sum of T_1 | T3: Column Labels | AM3: Sum of T_1 | AN3: Column Labels
A4: Row Labels | B4: AG | C4: AT | D4: AU | E4: BR | F4: CA | G4: CH | H4: CN | I4: DE | J4: FR | K4: GB | L4: IN | M4: IT | N4: JP | O4: MX | P4: US | S4: Row Labels | T4: AG | U4: AT | V4: AU | W4: BR | X4: CA | Y4: CH | Z4: CN | AA4: DE | AB4: FR | AC4: GB | AD4: IN | AE4: IT | AF4: JP | AG4: MX | AH4: US | AI4: Grand Total | AM4: Row Labels | AN4: AG | AO4: AT | AP4: AU | AQ4: BR | AR4: CA | AS4: CH | AT4: CN | AU4: DE | AV4: FR | AW4: GB | AX4: IN | AY4: IT | AZ4: JP | BA4: MX | BB4: US | BC4: Grand Total
A5: y | S5: y | T5: 0 | U5: 1 | V5: 1 | W5: 0 | X5: 1 | Y5: 0 | Z5: 0 | AA5: 3 | AB5: 0 | AC5: 0 | AD5: 0 | AE5: 2 | AF5: 3 | AG5: 0 | AH5: 1 | AI5: 12 | AM5: y | AN5: 0 | AO5: 0 | AP5: 1 | AQ5: 0 | AR5: 0 | AS5: 0 | AT5: 0 | AU5: 1 | AV5: 0 | AW5: 0 | AX5: 0 | AY5: 2 | AZ5: 1 | BA5: 0 | BB5: 1 | BC5: 6
A6: ZS | B6: 1 | C6: 1 | D6: 1 | E6: 1 | F6: 1 | G6: 1 | H6: 1 | I6: 1 | J6: 1 | K6: 1 | L6: 1 | M6: 1 | N6: 1 | O6: 1 | P6: 1 | S6: ZS | T6: 0 | U6: 0 | V6: 0 | W6: 0 | X6: 0 | Y6: 0 | Z6: 0 | AA6: 0 | AB6: 0 | AC6: 0 | AD6: 0 | AE6: 0 | AF6: 0 | AG6: 0 | AH6: 0 | AI6: 0 | AM6: ZS | AN6: 0 | AO6: 0 | AP6: 0 | AQ6: 0 | AR6: 0 | AS6: 0 | AT6: 0 | AU6: 0 | AV6: 0 | AW6: 0 | AX6: 0 | AY6: 0 | AZ6: 0 | BA6: 0 | BB6: 0 | BC6: 0
A7: ZS\&POOL | B7: 0.98906183 | C7: 0.97699228 | D7: 0.96592352 | E7: 0.99166505 | F7: 0.97246307 | G7: 1.0322444 | H7: 1.0017493 | I7: 0.96808742 | J7: 1.0019519 | K7: 0.98579759 | L7: 0.97768332 | M7: 0.98595421 | N7: 0.96336126 | O7: 0.9822667 | P7: 0.98206475 | S7: ZS\&POOL | T7: 0 | U7: 0 | V7: 1 | W7: 0 | X7: 1 | Y7: 0 | Z7: 0 | AA7: 1 | AB7: 0 | AC7: 0 | AD7: 0 | AE7: 0 | AF7: 1 | AG7: 0 | AH7: 1 | AI7: 5 | AM7: ZS\&POOL | AN7: 0 | AO7: 0 | AP7: 1 | AQ7: 0 | AR7: 0 | AS7: 0 | AT7: 0 | AU7: 0 | AV7: 0 | AW7: 0 | AX7: 0 | AY7: 0 | AZ7: 1 | BA7: 0 | BB7: 1 | BC7: 3
A8: POOL | B8: 0.99159285 | C8: 0.98969418 | D8: 1.0046956 | E8: 0.99446596 | F8: 1.0602666 | G8: 1.0157567 | H8: 0.97944956 | I8: 0.98280453 | J8: 1.0257085 | K8: 0.99041453 | L8: 1.0389269 | M8: 0.96331259 | N8: 0.96348392 | O8: 1.0002222 | P8: 1.0009473 | S8: POOL | T8: 0 | U8: 0 | V8: 0 | W8: 0 | X8: 0 | Y8: 0 | Z8: 0 | AA8: 0 | AB8: 0 | AC8: 0 | AD8: 0 | AE8: 1 | AF8: 1 | AG8: 0 | AH8: 0 | AI8: 2 | AM8: POOL | AN8: 0 | AO8: 0 | AP8: 0 | AQ8: 0 | AR8: 0 | AS8: 0 | AT8: 0 | AU8: 0 | AV8: 0 | AW8: 0 | AX8: 0 | AY8: 1 | AZ8: 0 | BA8: 0 | BB8: 0 | BC8: 1
A9: ZSGL | B9: 1.0033596 | C9: 0.97784151 | D9: 1.0041148 | E9: 0.99753324 | F9: 1.0176841 | G9: 1.008567 | H9: 0.98686579 | I9: 0.9871982 | J9: 1.013478 | K9: 1.0062204 | L9: 0.98980181 | M9: 1.0146341 | N9: 0.99246481 | O9: 1.0101006 | P9: 1.0083416 | S9: ZSGL | T9: 0 | U9: 1 | V9: 0 | W9: 0 | X9: 0 | Y9: 0 | Z9: 0 | AA9: 0 | AB9: 0 | AC9: 0 | AD9: 0 | AE9: 0 | AF9: 0 | AG9: 0 | AH9: 0 | AI9: 1 | AM9: ZSGL | AN9: 0 | AO9: 0 | AP9: 0 | AQ9: 0 | AR9: 0 | AS9: 0 | AT9: 0 | AU9: 0 | AV9: 0 | AW9: 0 | AX9: 0 | AY9: 0 | AZ9: 0 | BA9: 0 | BB9: 0 | BC9: 0
A10: J | B10: 0.98627065 | C10: 0.96266626 | D10: 0.96950246 | E10: 1.0154966 | F10: 0.99857616 | G10: 1.0841565 | H10: 1.033762 | I10: 0.94034669 | J10: 1.0147695 | K10: 0.97726113 | L10: 1.0312099 | M10: 0.94859568 | N10: 0.96733757 | O10: 0.9814816 | P10: 0.99746083 | S10: J | T10: 0 | U10: 0 | V10: 0 | W10: 0 | X10: 0 | Y10: 0 | Z10: 0 | AA10: 0 | AB10: 0 | AC10: 0 | AD10: 0 | AE10: 1 | AF10: 1 | AG10: 0 | AH10: 0 | AI10: 2 | AM10: J | AN10: 0 | AO10: 0 | AP10: 0 | AQ10: 0 | AR10: 0 | AS10: 0 | AT10: 0 | AU10: 0 | AV10: 0 | AW10: 0 | AX10: 0 | AY10: 1 | AZ10: 0 | BA10: 0 | BB10: 0 | BC10: 1
A11: BFCS | B11: 1.1256729 | C11: 0.94966489 | D11: 0.97017014 | E11: 1.0583184 | F11: 1.0558248 | G11: 1.0209021 | H11: 1.0861227 | I11: 0.95894221 | J11: 1.0777371 | K11: 1.0541974 | L11: 0.96468704 | M11: 1.0175976 | N11: 0.95968781 | O11: 1.0004289 | P11: 1.1079436 | S11: BFCS | T11: 0 | U11: 0 | V11: 0 | W11: 0 | X11: 0 | Y11: 0 | Z11: 0 | AA11: 1 | AB11: 0 | AC11: 0 | AD11: 0 | AE11: 0 | AF11: 0 | AG11: 0 | AH11: 0 | AI11: 1 | AM11: BFCS | AN11: 0 | AO11: 0 | AP11: 0 | AQ11: 0 | AR11: 0 | AS11: 0 | AT11: 0 | AU11: 0 | AV11: 0 | AW11: 0 | AX11: 0 | AY11: 0 | AZ11: 0 | BA11: 0 | BB11: 0 | BC11: 0
A12: SSSS | B12: 1.1840478 | C12: 0.98170779 | D12: 1.3886899 | E12: 7.8809123 | F12: 1.3203544 | G12: 1.0702148 | H12: 1.2502026 | I12: 0.98328678 | J12: 1.6190746 | K12: 1.2841811 | L12: 1.1360496 | M12: 1.5811516 | N12: 0.99489862 | O12: 2.4008005 | P12: 1.2576171 | S12: SSSS | T12: 0 | U12: 0 | V12: 0 | W12: 0 | X12: 0 | Y12: 0 | Z12: 0 | AA12: 0 | AB12: 0 | AC12: 0 | AD12: 0 | AE12: 0 | AF12: 0 | AG12: 0 | AH12: 0 | AI12: 0 | AM12: SSSS | AN12: 0 | AO12: 0 | AP12: 0 | AQ12: 0 | AR12: 0 | AS12: 0 | AT12: 0 | AU12: 0 | AV12: 0 | AW12: 0 | AX12: 0 | AY12: 0 | AZ12: 0 | BA12: 0 | BB12: 0 | BC12: 0
A13: BMS | B13: 1.1293641 | C13: 0.96651499 | D13: 1.233934 | E13: 1.4718089 | F13: 0.9931411 | G13: 1.1514251 | H13: 1.0997746 | I13: 0.92441025 | J13: 1.0695817 | K13: 1.061302 | L13: 1.0026721 | M13: 1.0919533 | N13: 1.0277552 | O13: 0.94929525 | P13: 1.2657967 | S13: BMS | T13: 0 | U13: 0 | V13: 0 | W13: 0 | X13: 0 | Y13: 0 | Z13: 0 | AA13: 1 | AB13: 0 | AC13: 0 | AD13: 0 | AE13: 0 | AF13: 0 | AG13: 0 | AH13: 0 | AI13: 1 | AM13: BMS | AN13: 0 | AO13: 0 | AP13: 0 | AQ13: 0 | AR13: 0 | AS13: 0 | AT13: 0 | AU13: 1 | AV13: 0 | AW13: 0 | AX13: 0 | AY13: 0 | AZ13: 0 | BA13: 0 | BB13: 0 | BC13: 1
A14: CC | B14: 1.3315833 | C14: 0.99984755 | D14: 1.4298072 | E14: 2.9337657 | F14: 0.99436648 | G14: 1.1175426 | H14: 1.0992701 | I14: 0.97111272 | J14: 1.2523473 | K14: 1.1634489 | L14: 1.050049 | M14: 1.1281171 | N14: 1.0244718 | O14: 1.373002 | P14: 1.2874379 | S14: CC | T14: 0 | U14: 0 | V14: 0 | W14: 0 | X14: 0 | Y14: 0 | Z14: 0 | AA14: 0 | AB14: 0 | AC14: 0 | AD14: 0 | AE14: 0 | AF14: 0 | AG14: 0 | AH14: 0 | AI14: 0 | AM14: CC | AN14: 0 | AO14: 0 | AP14: 0 | AQ14: 0 | AR14: 0 | AS14: 0 | AT14: 0 | AU14: 0 | AV14: 0 | AW14: 0 | AX14: 0 | AY14: 0 | AZ14: 0 | BA14: 0 | BB14: 0 | BC14: 0
A15: Dp | S15: Dp | T15: 3 | U15: 1 | V15: 2 | W15: 3 | X15: 0 | Y15: 0 | Z15: 0 | AA15: 1 | AB15: 1 | AC15: 0 | AD15: 2 | AE15: 1 | AF15: 0 | AG15: 4 | AH15: 0 | AI15: 18 | AM15: Dp | AN15: 2 | AO15: 1 | AP15: 1 | AQ15: 3 | AR15: 0 | AS15: 0 | AT15: 0 | AU15: 1 | AV15: 0 | AW15: 0 | AX15: 2 | AY15: 1 | AZ15: 0 | BA15: 4 | BB15: 0 | BC15: 15
A16: ZS | B16: 1 | C16: 1 | D16: 1 | E16: 1 | F16: 1 | G16: 1 | H16: 1 | I16: 1 | J16: 1 | K16: 1 | L16: 1 | M16: 1 | N16: 1 | O16: 1 | P16: 1 | S16: ZS | T16: 0 | U16: 0 | V16: 0 | W16: 0 | X16: 0 | Y16: 0 | Z16: 0 | AA16: 0 | AB16: 0 | AC16: 0 | AD16: 0 | AE16: 0 | AF16: 0 | AG16: 0 | AH16: 0 | AI16: 0 | AM16: ZS | AN16: 0 | AO16: 0 | AP16: 0 | AQ16: 0 | AR16: 0 | AS16: 0 | AT16: 0 | AU16: 0 | AV16: 0 | AW16: 0 | AX16: 0 | AY16: 0 | AZ16: 0 | BA16: 0 | BB16: 0 | BC16: 0
A17: ZS\&POOL | B17: 0.837373 | C17: 0.98386149 | D17: 1.0108825 | E17: 0.92480665 | F17: 0.9946252 | G17: 0.99910887 | H17: 0.98728239 | I17: 1.012214 | J17: 0.96620633 | K17: 1.0040174 | L17: 0.9326187 | M17: 0.91400344 | N17: 1.0013097 | O17: 0.94965064 | P17: 0.99239094 | S17: ZS\&POOL | T17: 1 | U17: 1 | V17: 0 | W17: 1 | X17: 0 | Y17: 0 | Z17: 0 | AA17: 0 | AB17: 1 | AC17: 0 | AD17: 1 | AE17: 1 | AF17: 0 | AG17: 1 | AH17: 0 | AI17: 7 | AM17: ZS\&POOL | AN17: 0 | AO17: 1 | AP17: 0 | AQ17: 1 | AR17: 0 | AS17: 0 | AT17: 0 | AU17: 0 | AV17: 0 | AW17: 0 | AX17: 1 | AY17: 1 | AZ17: 0 | BA17: 1 | BB17: 0 | BC17: 5
A18: POOL | B18: 0.88312533 | C18: 0.98128278 | D18: 0.99389774 | E18: 0.85264128 | F18: 1.005789 | G18: 1.0189931 | H18: 1.0278712 | I18: 1.016309 | J18: 1.0063413 | K18: 1.0025179 | L18: 0.98292745 | M18: 0.98275454 | N18: 0.9754293 | O18: 0.71307862 | P18: 0.99998452 | S18: POOL | T18: 0 | U18: 0 | V18: 0 | W18: 1 | X18: 0 | Y18: 0 | Z18: 0 | AA18: 0 | AB18: 0 | AC18: 0 | AD18: 0 | AE18: 0 | AF18: 0 | AG18: 1 | AH18: 0 | AI18: 2 | AM18: POOL | AN18: 0 | AO18: 0 | AP18: 0 | AQ18: 1 | AR18: 0 | AS18: 0 | AT18: 0 | AU18: 0 | AV18: 0 | AW18: 0 | AX18: 0 | AY18: 0 | AZ18: 0 | BA18: 1 | BB18: 0 | BC18: 2
A19: ZSGL | B19: 0.86456609 | C19: 1.0002011 | D19: 0.98207424 | E19: 0.98249974 | F19: 1.0023734 | G19: 1.005906 | H19: 1.0212853 | I19: 1.0204362 | J19: 1.017754 | K19: 0.98974856 | L19: 1.0323659 | M19: 1.0237121 | N19: 0.98338203 | O19: 0.73989578 | P19: 0.99619082 | S19: ZSGL | T19: 1 | U19: 0 | V19: 1 | W19: 0 | X19: 0 | Y19: 0 | Z19: 0 | AA19: 0 | AB19: 0 | AC19: 0 | AD19: 0 | AE19: 0 | AF19: 0 | AG19: 1 | AH19: 0 | AI19: 3 | AM19: ZSGL | AN19: 1 | AO19: 0 | AP19: 0 | AQ19: 0 | AR19: 0 | AS19: 0 | AT19: 0 | AU19: 0 | AV19: 0 | AW19: 0 | AX19: 0 | AY19: 0 | AZ19: 0 | BA19: 1 | BB19: 0 | BC19: 2
A20: J | B20: 0.7845363 | C20: 1.1289723 | D20: 1.0402689 | E20: 0.45268636 | F20: 1.0491842 | G20: 0.95185497 | H20: 1.0223443 | I20: 1.1198447 | J20: 1.073061 | K20: 1.0879171 | L20: 0.88997787 | M20: 0.97197355 | N20: 1.0735342 | O20: 0.8253333 | P20: 1.0501716 | S20: J | T20: 1 | U20: 0 | V20: 0 | W20: 1 | X20: 0 | Y20: 0 | Z20: 0 | AA20: 0 | AB20: 0 | AC20: 0 | AD20: 1 | AE20: 0 | AF20: 0 | AG20: 1 | AH20: 0 | AI20: 4 | AM20: J | AN20: 1 | AO20: 0 | AP20: 0 | AQ20: 1 | AR20: 0 | AS20: 0 | AT20: 0 | AU20: 0 | AV20: 0 | AW20: 0 | AX20: 1 | AY20: 0 | AZ20: 0 | BA20: 1 | BB20: 0 | BC20: 4
A21: BFCS | B21: 3.8508057 | C21: 1.2081407 | D21: 1.206697 | E21: 7.7790285 | F21: 1.2184219 | G21: 1.6694102 | H21: 1.5168987 | I21: 1.2148153 | J21: 1.7501219 | K21: 2.1995598 | L21: 1.0619849 | M21: 2.8626209 | N21: 1.1316903 | O21: 6.5436337 | P21: 1.2218966 | S21: BFCS | T21: 0 | U21: 0 | V21: 0 | W21: 0 | X21: 0 | Y21: 0 | Z21: 0 | AA21: 0 | AB21: 0 | AC21: 0 | AD21: 0 | AE21: 0 | AF21: 0 | AG21: 0 | AH21: 0 | AI21: 0 | AM21: BFCS | AN21: 0 | AO21: 0 | AP21: 0 | AQ21: 0 | AR21: 0 | AS21: 0 | AT21: 0 | AU21: 0 | AV21: 0 | AW21: 0 | AX21: 0 | AY21: 0 | AZ21: 0 | BA21: 0 | BB21: 0 | BC21: 0
A22: SSSS | B22: 2.1178336 | C22: 1.3315087 | D22: 0.8957881 | E22: 3.3130996 | F22: 0.97950679 | G22: 0.99811461 | H22: 1.1210709 | I22: 1.1491992 | J22: 1.0540687 | K22: 1.337986 | L22: 1.0221667 | M22: 1.32696 | N22: 1.019257 | O22: 2.7815216 | P22: 0.99194038 | S22: SSSS | T22: 0 | U22: 0 | V22: 1 | W22: 0 | X22: 0 | Y22: 0 | Z22: 0 | AA22: 0 | AB22: 0 | AC22: 0 | AD22: 0 | AE22: 0 | AF22: 0 | AG22: 0 | AH22: 0 | AI22: 1 | AM22: SSSS | AN22: 0 | AO22: 0 | AP22: 1 | AQ22: 0 | AR22: 0 | AS22: 0 | AT22: 0 | AU22: 0 | AV22: 0 | AW22: 0 | AX22: 0 | AY22: 0 | AZ22: 0 | BA22: 0 | BB22: 0 | BC22: 1
A23: BMS | B23: 2.0945428 | C23: 1.0519692 | D23: 0.94949534 | E23: 4.9174474 | F23: 1.0006595 | G23: 1.177622 | H23: 1.4165101 | I23: 0.94067067 | J23: 1.0559616 | K23: 1.4192375 | L23: 0.92518253 | M23: 1.3123767 | N23: 1.0099219 | O23: 2.5527161 | P23: 1.0981952 | S23: BMS | T23: 0 | U23: 0 | V23: 0 | W23: 0 | X23: 0 | Y23: 0 | Z23: 0 | AA23: 1 | AB23: 0 | AC23: 0 | AD23: 0 | AE23: 0 | AF23: 0 | AG23: 0 | AH23: 0 | AI23: 1 | AM23: BMS | AN23: 0 | AO23: 0 | AP23: 0 | AQ23: 0 | AR23: 0 | AS23: 0 | AT23: 0 | AU23: 1 | AV23: 0 | AW23: 0 | AX23: 0 | AY23: 0 | AZ23: 0 | BA23: 0 | BB23: 0 | BC23: 1
A24: CC | B24: 3.5487105 | C24: 1.1064808 | D24: 0.96233388 | E24: 7.5878016 | F24: 0.99179046 | G24: 1.4241666 | H24: 1.3821561 | I24: 1.1973233 | J24: 1.1337011 | K24: 1.3742212 | L24: 1.0612179 | M24: 1.3001141 | N24: 1.3093427 | O24: 4.630634 | P24: 0.96316075 | S24: CC | T24: 0 | U24: 0 | V24: 0 | W24: 0 | X24: 0 | Y24: 0 | Z24: 0 | AA24: 0 | AB24: 0 | AC24: 0 | AD24: 0 | AE24: 0 | AF24: 0 | AG24: 0 | AH24: 0 | AI24: 0 | AM24: CC | AN24: 0 | AO24: 0 | AP24: 0 | AQ24: 0 | AR24: 0 | AS24: 0 | AT24: 0 | AU24: 0 | AV24: 0 | AW24: 0 | AX24: 0 | AY24: 0 | AZ24: 0 | BA24: 0 | BB24: 0 | BC24: 0
A25: r | S25: r | T25: 4 | U25: 3 | V25: 0 | W25: 4 | X25: 2 | Y25: 1 | Z25: 2 | AA25: 1 | AB25: 0 | AC25: 3 | AD25: 2 | AE25: 0 | AF25: 1 | AG25: 4 | AH25: 3 | AI25: 30 | AM25: r | AN25: 3 | AO25: 3 | AP25: 0 | AQ25: 3 | AR25: 1 | AS25: 1 | AT25: 1 | AU25: 1 | AV25: 0 | AW25: 3 | AX25: 2 | AY25: 0 | AZ25: 1 | BA25: 4 | BB25: 3 | BC25: 26
A26: ZS | B26: 1 | C26: 1 | D26: 1 | E26: 1 | F26: 1 | G26: 1 | H26: 1 | I26: 1 | J26: 1 | K26: 1 | L26: 1 | M26: 1 | N26: 1 | O26: 1 | P26: 1 | S26: ZS | T26: 0 | U26: 0 | V26: 0 | W26: 0 | X26: 0 | Y26: 0 | Z26: 0 | AA26: 0 | AB26: 0 | AC26: 0 | AD26: 0 | AE26: 0 | AF26: 0 | AG26: 0 | AH26: 0 | AI26: 0 | AM26: ZS | AN26: 0 | AO26: 0 | AP26: 0 | AQ26: 0 | AR26: 0 | AS26: 0 | AT26: 0 | AU26: 0 | AV26: 0 | AW26: 0 | AX26: 0 | AY26: 0 | AZ26: 0 | BA26: 0 | BB26: 0 | BC26: 0
A27: ZS\&POOL | B27: 0.74409767 | C27: 1.0269023 | D27: 0.96069195 | E27: 0.89179243 | F27: 0.92112628 | G27: 0.96020164 | H27: 0.93940132 | I27: 1.0545602 | J27: 1.0253011 | K27: 0.91918354 | L27: 0.97592434 | M27: 0.95654271 | N27: 1.2068251 | O27: 0.85145031 | P27: 0.93238273 | S27: ZS\&POOL | T27: 1 | U27: 0 | V27: 0 | W27: 1 | X27: 0 | Y27: 1 | Z27: 1 | AA27: 0 | AB27: 0 | AC27: 1 | AD27: 1 | AE27: 0 | AF27: 0 | AG27: 1 | AH27: 1 | AI27: 8 | AM27: ZS\&POOL | AN27: 0 | AO27: 0 | AP27: 0 | AQ27: 1 | AR27: 0 | AS27: 1 | AT27: 1 | AU27: 0 | AV27: 0 | AW27: 1 | AX27: 1 | AY27: 0 | AZ27: 0 | BA27: 1 | BB27: 1 | BC27: 7
A28: POOL | B28: 0.61160014 | C28: 0.93087654 | D28: 0.97551276 | E28: 0.78498146 | F28: 0.96783506 | G28: 0.99687398 | H28: 0.99644466 | I28: 0.99961366 | J28: 0.97606708 | K28: 0.85577556 | L28: 1.0009545 | M28: 1.0127247 | N28: 1.1466807 | O28: 0.58506175 | P28: 0.93786326 | S28: POOL | T28: 1 | U28: 1 | V28: 0 | W28: 1 | X28: 0 | Y28: 0 | Z28: 0 | AA28: 0 | AB28: 0 | AC28: 1 | AD28: 0 | AE28: 0 | AF28: 0 | AG28: 1 | AH28: 1 | AI28: 6 | AM28: POOL | AN28: 1 | AO28: 1 | AP28: 0 | AQ28: 1 | AR28: 0 | AS28: 0 | AT28: 0 | AU28: 0 | AV28: 0 | AW28: 1 | AX28: 0 | AY28: 0 | AZ28: 0 | BA28: 1 | BB28: 1 | BC28: 6
A29: ZSGL | B29: 0.775782 | C29: 0.96876718 | D29: 1.0211558 | E29: 0.95373235 | F29: 0.93562797 | G29: 0.98401974 | H29: 0.98992679 | I29: 0.93323542 | J29: 1.0335083 | K29: 0.99895607 | L29: 0.98785124 | M29: 1.0039362 | N29: 0.90361881 | O29: 0.81267769 | P29: 1.0210571 | S29: ZSGL | T29: 1 | U29: 1 | V29: 0 | W29: 1 | X29: 1 | Y29: 0 | Z29: 1 | AA29: 1 | AB29: 0 | AC29: 0 | AD29: 1 | AE29: 0 | AF29: 1 | AG29: 1 | AH29: 0 | AI29: 9 | AM29: ZSGL | AN29: 1 | AO29: 1 | AP29: 0 | AQ29: 0 | AR29: 1 | AS29: 0 | AT29: 0 | AU29: 1 | AV29: 0 | AW29: 0 | AX29: 1 | AY29: 0 | AZ29: 1 | BA29: 1 | BB29: 0 | BC29: 7
A30: J | B30: 0.35073195 | C30: 0.88639114 | D30: 0.94486428 | E30: 0.19772093 | F30: 0.83440251 | G30: 0.97976232 | H30: 1.0614569 | I30: 0.9677479 | J30: 1.0212376 | K30: 0.75985555 | L30: 0.98665247 | M30: 0.97601641 | N30: 0.97343564 | O30: 0.3907503 | P30: 0.80889029 | S30: J | T30: 1 | U30: 1 | V30: 0 | W30: 1 | X30: 1 | Y30: 0 | Z30: 0 | AA30: 0 | AB30: 0 | AC30: 1 | AD30: 0 | AE30: 0 | AF30: 0 | AG30: 1 | AH30: 1 | AI30: 7 | AM30: J | AN30: 1 | AO30: 1 | AP30: 0 | AQ30: 1 | AR30: 0 | AT30: 0 | AU30: 0 | AV30: 0 | AW30: 1 | AX30: 0 | AY30: 0 | AZ30: 0 | BA30: 1 | BB30: 1 | BC30: 6
A31: BFCS | B31: 2.529893 | C31: 6.0631334 | D31: 3.8910381 | E31: 5.9666496 | F31: 8.2143948 | G31: 5.4202435 | H31: 8.2803611 | I31: 5.2949445 | J31: 9.5354483 | K31: 8.9150244 | L31: 1.8967556 | M31: 4.8437516 | N31: 3.4530723 | O31: 8.2704175 | P31: 5.8990834 | S31: BFCS | T31: 0 | U31: 0 | V31: 0 | W31: 0 | X31: 0 | Y31: 0 | Z31: 0 | AA31: 0 | AB31: 0 | AC31: 0 | AD31: 0 | AE31: 0 | AF31: 0 | AG31: 0 | AH31: 0 | AI31: 0 | AM31: BFCS | AN31: 0 | AO31: 0 | AP31: 0 | AQ31: 0 | AR31: 0 | AS31: 0 | AT31: 0 | AU31: 0 | AV31: 0 | AW31: 0 | AX31: 0 | AY31: 0 | AZ31: 0 | BA31: 0 | BB31: 0 | BC31: 0
A32: SSSS | B32: 1.9115018 | C32: 1.947349 | D32: 2.0458416 | E32: 2.2912538 | F32: 2.044568 | G32: 1.1270878 | H32: 1.9808073 | I32: 1.9656182 | J32: 2.3523063 | K32: 1.8449146 | L32: 0.99813245 | M32: 1.8099433 | N32: 2.4435262 | O32: 1.9117812 | P32: 1.7766688 | S32: SSSS | T32: 0 | U32: 0 | V32: 0 | W32: 0 | X32: 0 | Y32: 0 | Z32: 0 | AA32: 0 | AB32: 0 | AC32: 0 | AD32: 0 | AE32: 0 | AF32: 0 | AG32: 0 | AH32: 0 | AI32: 0 | AM32: SSSS | AN32: 0 | AO32: 0 | AP32: 0 | AQ32: 0 | AR32: 0 | AS32: 0 | AT32: 0 | AU32: 0 | AV32: 0 | AW32: 0 | AX32: 0 | AY32: 0 | AZ32: 0 | BA32: 0 | BB32: 0 | BC32: 0
A33: BMS | B33: 1.2871683 | C33: 3.7947725 | D33: 2.7176301 | E33: 4.9756427 | F33: 3.617438 | G33: 2.2649841 | H33: 3.8518544 | I33: 3.4809744 | J33: 4.6835017 | K33: 3.9345268 | L33: 1.5208948 | M33: 2.7856864 | N33: 3.8770339 | O33: 3.0299689 | P33: 3.0685942 | S33: BMS | T33: 0 | U33: 0 | V33: 0 | W33: 0 | X33: 0 | Y33: 0 | Z33: 0 | AA33: 0 | AB33: 0 | AC33: 0 | AD33: 0 | AE33: 0 | AF33: 0 | AG33: 0 | AH33: 0 | AI33: 0 | AM33: BMS | AN33: 0 | AO33: 0 | AP33: 0 | AQ33: 0 | AR33: 0 | AS33: 0 | AT33: 0 | AU33: 0 | AV33: 0 | AW33: 0 | AX33: 0 | AY33: 0 | AZ33: 0 | BA33: 0 | BB33: 0 | BC33: 0
A34: CC | B34: 2.2195227 | C34: 5.3504471 | D34: 3.6028883 | E34: 5.0770316 | F34: 5.4065889 | G34: 2.1768079 | H34: 5.7240926 | I34: 5.0256096 | J34: 7.7864168 | K34: 5.4951116 | L34: 1.8644738 | M34: 3.7359174 | N34: 9.1709139 | O34: 5.476017 | P34: 3.8178104 | S34: CC | T34: 0 | U34: 0 | V34: 0 | W34: 0 | X34: 0 | Y34: 0 | Z34: 0 | AA34: 0 | AB34: 0 | AC34: 0 | AD34: 0 | AE34: 0 | AF34: 0 | AG34: 0 | AH34: 0 | AI34: 0 | AM34: CC | AN34: 0 | AO34: 0 | AP34: 0 | AQ34: 0 | AR34: 0 | AS34: 0 | AT34: 0 | AU34: 0 | AV34: 0 | AW34: 0 | AX34: 0 | AY34: 0 | AZ34: 0 | BA34: 0 | BB34: 0 | BC34: 0
S35: Grand Total | T35: 7 | U35: 5 | V35: 3 | W35: 7 | X35: 3 | Y35: 1 | Z35: 2 | AA35: 5 | AB35: 1 | AC35: 3 | AD35: 4 | AE35: 3 | AF35: 4 | AG35: 8 | AH35: 4 | AI35: 60 | AM35: Grand Total | AN35: 5 | AO35: 4 | AP35: 2 | AQ35: 6 | AR35: 1 | AS35: 1 | AT35: 1 | AU35: 3 | AV35: 0 | AW35: 3 | AX35: 4 | AY35: 3 | AZ35: 2 | BA35: 8 | BB35: 4 | BC35: 47

Sheet rmsfe_Pivot_T4
S1: 0.1 | AM1: 0.05
A3: Sum of T_4 | B3: Column Labels | S3: Sum of T_4 | T3: Column Labels | AM3: Sum of T_4 | AN3: Column Labels
A4: Row Labels | B4: AG | C4: AT | D4: AU | E4: BR | F4: CA | G4: CH | H4: CN | I4: DE | J4: FR | K4: GB | L4: IN | M4: IT | N4: JP | O4: MX | P4: US | S4: Row Labels | T4: AG | U4: AT | V4: AU | W4: BR | X4: CA | Y4: CH | Z4: CN | AA4: DE | AB4: FR | AC4: GB | AD4: IN | AE4: IT | AF4: JP | AG4: MX | AH4: US | AI4: Grand Total | AM4: Row Labels | AN4: AG | AO4: AT | AP4: AU | AQ4: BR | AR4: CA | AS4: CH | AT4: CN | AU4: DE | AV4: FR | AW4: GB | AX4: IN | AY4: IT | AZ4: JP | BA4: MX | BB4: US | BC4: Grand Total
A5: y | S5: y | T5: 2 | U5: 0 | V5: 3 | W5: 1 | X5: 3 | Y5: 0 | Z5: 0 | AA5: 4 | AB5: 1 | AC5: 0 | AD5: 0 | AE5: 3 | AF5: 2 | AG5: 0 | AH5: 1 | AI5: 20 | AM5: y | AN5: 2 | AO5: 0 | AP5: 2 | AQ5: 1 | AR5: 3 | AS5: 0 | AT5: 0 | AU5: 0 | AV5: 1 | AW5: 0 | AX5: 0 | AY5: 2 | AZ5: 1 | BA5: 0 | BB5: 1 | BC5: 13
A6: ZS | B6: 1 | C6: 1 | D6: 1 | E6: 1 | F6: 1 | G6: 1 | H6: 1 | I6: 1 | J6: 1 | K6: 1 | L6: 1 | M6: 1 | N6: 1 | O6: 1 | P6: 1 | S6: ZS | T6: 0 | U6: 0 | V6: 0 | W6: 0 | X6: 0 | Y6: 0 | Z6: 0 | AA6: 0 | AB6: 0 | AC6: 0 | AD6: 0 | AE6: 0 | AF6: 0 | AG6: 0 | AH6: 0 | AI6: 0 | AM6: ZS | AN6: 0 | AO6: 0 | AP6: 0 | AQ6: 0 | AR6: 0 | AS6: 0 | AT6: 0 | AU6: 0 | AV6: 0 | AW6: 0 | AX6: 0 | AY6: 0 | AZ6: 0 | BA6: 0 | BB6: 0 | BC6: 0
A7: ZS\&POOL | B7: 0.98585953 | C7: 0.9951101 | D7: 0.9575379 | E7: 0.98320739 | F7: 0.94322066 | G7: 1.0043898 | H7: 1.0272144 | I7: 0.97031983 | J7: 0.99955168 | K7: 0.98715162 | L7: 0.99509102 | M7: 1.0035078 | N7: 0.98493233 | O7: 1.0032397 | P7: 0.99671766 | S7: ZS\&POOL | T7: 1 | U7: 0 | V7: 1 | W7: 0 | X7: 1 | Y7: 0 | Z7: 0 | AA7: 1 | AB7: 0 | AC7: 0 | AD7: 0 | AE7: 0 | AF7: 0 | AG7: 0 | AH7: 0 | AI7: 4 | AM7: ZS\&POOL | AN7: 1 | AO7: 0 | AP7: 1 | AQ7: 0 | AR7: 1 | AS7: 0 | AT7: 0 | AU7: 0 | AV7: 0 | AW7: 0 | AX7: 0 | AY7: 0 | AZ7: 0 | BA7: 0 | BB7: 0 | BC7: 3
A8: POOL | B8: 0.99252785 | C8: 1.0046352 | D8: 1.0310991 | E8: 0.9909223 | F8: 1.0089333 | G8: 1.0233882 | H8: 1.0096658 | I8: 0.98620953 | J8: 1.0379374 | K8: 0.99368872 | L8: 0.98621418 | M8: 0.96811557 | N8: 0.94462565 | O8: 0.99784814 | P8: 1.0007679 | S8: POOL | T8: 1 | U8: 0 | V8: 0 | W8: 1 | X8: 0 | Y8: 0 | Z8: 0 | AA8: 0 | AB8: 0 | AC8: 0 | AD8: 0 | AE8: 1 | AF8: 1 | AG8: 0 | AH8: 0 | AI8: 4 | AM8: POOL | AN8: 1 | AO8: 0 | AP8: 0 | AQ8: 1 | AR8: 0 | AS8: 0 | AT8: 0 | AU8: 0 | AV8: 0 | AW8: 0 | AX8: 0 | AY8: 0 | AZ8: 0 | BA8: 0 | BB8: 0 | BC8: 2
A9: ZSGL | B9: 0.99456348 | C9: 0.99708308 | D9: 1.009943 | E9: 0.9975371 | F9: 1.0265893 | G9: 1.0044035 | H9: 0.99963401 | I9: 0.98245249 | J9: 1.0083154 | K9: 0.99697395 | L9: 1.0029849 | M9: 0.99710681 | N9: 0.97212871 | O9: 1.0035386 | P9: 0.99526651 | S9: ZSGL | T9: 0 | U9: 0 | V9: 0 | W9: 0 | X9: 0 | Y9: 0 | Z9: 0 | AA9: 0 | AB9: 0 | AC9: 0 | AD9: 0 | AE9: 0 | AF9: 1 | AG9: 0 | AH9: 1 | AI9: 2 | AM9: ZSGL | AN9: 0 | AO9: 0 | AP9: 0 | AQ9: 0 | AR9: 0 | AS9: 0 | AT9: 0 | AU9: 0 | AV9: 0 | AW9: 0 | AX9: 0 | AY9: 0 | AZ9: 1 | BA9: 0 | BB9: 1 | BC9: 2
A10: J | B10: 0.97357571 | C10: 0.98559247 | D10: 0.92566441 | E10: 1.0178117 | F10: 0.92148723 | G10: 0.99850204 | H10: 1.1287107 | I10: 0.96812799 | J10: 0.99461421 | K10: 0.99072493 | L10: 1.0355262 | M10: 0.97685567 | N10: 0.97226645 | O10: 0.98703892 | P10: 0.99759885 | S10: J | T10: 0 | U10: 0 | V10: 1 | W10: 0 | X10: 1 | Y10: 0 | Z10: 0 | AA10: 1 | AB10: 0 | AC10: 0 | AD10: 0 | AE10: 1 | AF10: 0 | AG10: 0 | AH10: 0 | AI10: 4 | AM10: J | AN10: 0 | AO10: 0 | AP10: 1 | AQ10: 0 | AR10: 1 | AS10: 0 | AT10: 0 | AU10: 0 | AV10: 0 | AW10: 0 | AX10: 0 | AY10: 1 | AZ10: 0 | BA10: 0 | BB10: 0 | BC10: 3
A11: BFCS | B11: 0.9930018 | C11: 0.99126232 | D11: 0.94156075 | E11: 0.98336082 | F11: 0.88311517 | G11: 1.0207528 | H11: 1.0861519 | I11: 0.96166641 | J11: 0.97441348 | K11: 0.98683147 | L11: 1.0299281 | M11: 0.96764544 | N11: 0.99042251 | O11: 1.0372873 | P11: 0.98174106 | S11: BFCS | T11: 0 | U11: 0 | V11: 1 | W11: 0 | X11: 1 | Y11: 0 | Z11: 0 | AA11: 1 | AB11: 1 | AC11: 0 | AD11: 0 | AE11: 1 | AF11: 0 | AG11: 0 | AH11: 0 | AI11: 5 | AM11: BFCS | AN11: 0 | AO11: 0 | AP11: 0 | AQ11: 0 | AR11: 1 | AS11: 0 | AT11: 0 | AU11: 0 | AV11: 1 | AW11: 0 | AX11: 0 | AY11: 1 | AZ11: 0 | BA11: 0 | BB11: 0 | BC11: 3
A12: SSSS | B12: 1.1473636 | C12: 1.0534924 | D12: 1.1720303 | E12: 8.3450528 | F12: 1.0839762 | G12: 1.0263316 | H12: 1.2047919 | I12: 0.96145517 | J12: 1.1858916 | K12: 1.1218394 | L12: 1.1223523 | M12: 1.3716258 | N12: 0.97397444 | O12: 2.1359214 | P12: 1.0266943 | S12: SSSS | T12: 0 | U12: 0 | V12: 0 | W12: 0 | X12: 0 | Y12: 0 | Z12: 0 | AA12: 0 | AB12: 0 | AC12: 0 | AD12: 0 | AE12: 0 | AF12: 0 | AG12: 0 | AH12: 0 | AI12: 0 | AM12: SSSS | AN12: 0 | AO12: 0 | AP12: 0 | AQ12: 0 | AR12: 0 | AS12: 0 | AT12: 0 | AU12: 0 | AV12: 0 | AW12: 0 | AX12: 0 | AY12: 0 | AZ12: 0 | BA12: 0 | BB12: 0 | BC12: 0
A13: BMS | B13: 1.0907112 | C13: 0.96878933 | D13: 1.2351877 | E13: 1.1260713 | F13: 1.0515592 | G13: 1.0766762 | H13: 1.1298163 | I13: 0.96671863 | J13: 1.0474823 | K13: 1.025193 | L13: 1.0128892 | M13: 0.99859954 | N13: 0.9629696 | O13: 1.0204384 | P13: 1.054463 | S13: BMS | T13: 0 | U13: 0 | V13: 0 | W13: 0 | X13: 0 | Y13: 0 | Z13: 0 | AA13: 1 | AB13: 0 | AC13: 0 | AD13: 0 | AE13: 0 | AF13: 0 | AG13: 0 | AH13: 0 | AI13: 1 | AM13: BMS | AN13: 0 | AO13: 0 | AP13: 0 | AQ13: 0 | AR13: 0 | AS13: 0 | AT13: 0 | AU13: 0 | AV13: 0 | AW13: 0 | AX13: 0 | AY13: 0 | AZ13: 0 | BA13: 0 | BB13: 0 | BC13: 0
A14: CC | B14: 1.4539449 | C14: 1.6668856 | D14: 2.938335 | E14: 2.1132653 | F14: 2.6729158 | G14: 1.9170075 | H14: 1.8233119 | I14: 2.00621 | J14: 2.904476 | K14: 2.220655 | L14: 1.5272563 | M14: 2.6464487 | N14: 2.1310226 | O14: 2.1826573 | P14: 2.6855486 | S14: CC | T14: 0 | U14: 0 | V14: 0 | W14: 0 | X14: 0 | Y14: 0 | Z14: 0 | AA14: 0 | AB14: 0 | AC14: 0 | AD14: 0 | AE14: 0 | AF14: 0 | AG14: 0 | AH14: 0 | AI14: 0 | AM14: CC | AN14: 0 | AO14: 0 | AP14: 0 | AQ14: 0 | AR14: 0 | AS14: 0 | AT14: 0 | AU14: 0 | AV14: 0 | AW14: 0 | AX14: 0 | AY14: 0 | AZ14: 0 | BA14: 0 | BB14: 0 | BC14: 0
A15: Dp | S15: Dp | T15: 3 | U15: 0 | V15: 0 | W15: 2 | X15: 0 | Y15: 0 | Z15: 0 | AA15: 0 | AB15: 1 | AC15: 1 | AD15: 3 | AE15: 1 | AF15: 0 | AG15: 4 | AH15: 0 | AI15: 15 | AM15: Dp | AN15: 1 | AO15: 0 | AP15: 0 | AQ15: 2 | AR15: 0 | AS15: 0 | AT15: 0 | AU15: 0 | AV15: 1 | AW15: 1 | AX15: 2 | AY15: 1 | AZ15: 0 | BA15: 4 | BB15: 0 | BC15: 12
A16: ZS | B16: 1 | C16: 1 | D16: 1 | E16: 1 | F16: 1 | G16: 1 | H16: 1 | I16: 1 | J16: 1 | K16: 1 | L16: 1 | M16: 1 | N16: 1 | O16: 1 | P16: 1 | S16: ZS | T16: 0 | U16: 0 | V16: 0 | W16: 0 | X16: 0 | Y16: 0 | Z16: 0 | AA16: 0 | AB16: 0 | AC16: 0 | AD16: 0 | AE16: 0 | AF16: 0 | AG16: 0 | AH16: 0 | AI16: 0 | AM16: ZS | AN16: 0 | AO16: 0 | AP16: 0 | AQ16: 0 | AR16: 0 | AS16: 0 | AT16: 0 | AU16: 0 | AV16: 0 | AW16: 0 | AX16: 0 | AY16: 0 | AZ16: 0 | BA16: 0 | BB16: 0 | BC16: 0
A17: ZS\&POOL | B17: 1.0315954 | C17: 0.99374953 | D17: 1.0449213 | E17: 1.0089321 | F17: 0.98787214 | G17: 1.0107716 | H17: 0.97269388 | I17: 1.0001174 | J17: 0.95083297 | K17: 0.97717784 | L17: 0.92681421 | M17: 0.92415836 | N17: 0.99940268 | O17: 0.94453477 | P17: 1.0043743 | S17: ZS\&POOL | T17: 0 | U17: 0 | V17: 0 | W17: 0 | X17: 0 | Y17: 0 | Z17: 0 | AA17: 0 | AB17: 1 | AC17: 1 | AD17: 1 | AE17: 1 | AF17: 0 | AG17: 1 | AH17: 0 | AI17: 5 | AM17: ZS\&POOL | AN17: 0 | AO17: 0 | AP17: 0 | AQ17: 0 | AR17: 0 | AS17: 0 | AT17: 0 | AU17: 0 | AV17: 1 | AW17: 1 | AX17: 1 | AY17: 1 | AZ17: 0 | BA17: 1 | BB17: 0 | BC17: 5
A18: POOL | B18: 0.7830495 | C18: 1.0211689 | D18: 1.054431 | E18: 0.90066547 | F18: 1.0478299 | G18: 1.0357345 | H18: 1.0466834 | I18: 1.0464437 | J18: 1.0420107 | K18: 1.0117503 | L18: 1.0428232 | M18: 1.0312422 | N18: 0.981131 | O18: 0.64740687 | P18: 1.0118163 | S18: POOL | T18: 1 | U18: 0 | V18: 0 | W18: 1 | X18: 0 | Y18: 0 | Z18: 0 | AA18: 0 | AB18: 0 | AC18: 0 | AD18: 0 | AE18: 0 | AF18: 0 | AG18: 1 | AH18: 0 | AI18: 3 | AM18: POOL | AN18: 0 | AO18: 0 | AP18: 0 | AQ18: 1 | AR18: 0 | AS18: 0 | AT18: 0 | AU18: 0 | AV18: 0 | AW18: 0 | AX18: 0 | AY18: 0 | AZ18: 0 | BA18: 1 | BB18: 0 | BC18: 2
A19: ZSGL | B19: 0.92117121 | C19: 0.97972197 | D19: 0.97633801 | E19: 1.0569517 | F19: 1.0020848 | G19: 1.0002936 | H19: 1.0082307 | I19: 1.0241856 | J19: 1.0057154 | K19: 0.99142468 | L19: 1.0176705 | M19: 1.0133762 | N19: 0.97055887 | O19: 0.72090696 | P19: 0.99742991 | S19: ZSGL | T19: 1 | U19: 0 | V19: 0 | W19: 0 | X19: 0 | Y19: 0 | Z19: 0 | AA19: 0 | AB19: 0 | AC19: 0 | AD19: 0 | AE19: 0 | AF19: 0 | AG19: 1 | AH19: 0 | AI19: 2 | AM19: ZSGL | AN19: 0 | AO19: 0 | AP19: 0 | AQ19: 0 | AR19: 0 | AS19: 0 | AT19: 0 | AU19: 0 | AV19: 0 | AW19: 0 | AX19: 0 | AY19: 0 | AZ19: 0 | BA19: 1 | BB19: 0 | BC19: 1
A20: J | B20: 0.55852687 | C20: 1.3620584 | D20: 1.0499178 | E20: 0.27169925 | F20: 1.1474543 | G20: 1.0646595 | H20: 1.0246803 | I20: 1.3044094 | J20: 1.1607019 | K20: 1.1091569 | L20: 0.85391319 | M20: 0.99341685 | N20: 1.1628057 | O20: 0.6448243 | P20: 1.1080463 | S20: J | T20: 1 | U20: 0 | V20: 0 | W20: 1 | X20: 0 | Y20: 0 | Z20: 0 | AA20: 0 | AB20: 0 | AC20: 0 | AD20: 1 | AE20: 0 | AF20: 0 | AG20: 1 | AH20: 0 | AI20: 4 | AM20: J | AN20: 1 | AO20: 0 | AP20: 0 | AQ20: 1 | AR20: 0 | AS20: 0 | AT20: 0 | AU20: 0 | AV20: 0 | AW20: 0 | AX20: 0 | AY20: 0 | AZ20: 0 | BA20: 1 | BB20: 0 | BC20: 3
A21: BFCS | B21: 1.9640367 | C21: 1.0867682 | D21: 1.4182257 | E21: 2.4576641 | F21: 1.2207391 | G21: 1.3315208 | H21: 1.1467721 | I21: 1.104949 | J21: 1.5650378 | K21: 1.5437485 | L21: 0.9455798 | M21: 2.2552743 | N21: 1.0530826 | O21: 2.751303 | P21: 1.1230616 | S21: BFCS | T21: 0 | U21: 0 | V21: 0 | W21: 0 | X21: 0 | Y21: 0 | Z21: 0 | AA21: 0 | AB21: 0 | AC21: 0 | AD21: 1 | AE21: 0 | AF21: 0 | AG21: 0 | AH21: 0 | AI21: 1 | AM21: BFCS | AN21: 0 | AO21: 0 | AP21: 0 | AQ21: 0 | AR21: 0 | AS21: 0 | AT21: 0 | AU21: 0 | AV21: 0 | AW21: 0 | AX21: 1 | AY21: 0 | AZ21: 0 | BA21: 0 | BB21: 0 | BC21: 1
A22: SSSS | B22: 1.9671897 | C22: 1.1574747 | D22: 1.0755557 | E22: 1.0457632 | F22: 1.0092082 | G22: 0.96115439 | H22: 0.98775133 | I22: 1.1946985 | J22: 1.2138803 | K22: 1.1710577 | L22: 0.95358941 | M22: 1.3664005 | N22: 0.98045829 | O22: 1.6647869 | P22: 1.0016061 | S22: SSSS | T22: 0 | U22: 0 | V22: 0 | W22: 0 | X22: 0 | Y22: 0 | Z22: 0 | AA22: 0 | AB22: 0 | AC22: 0 | AD22: 0 | AE22: 0 | AF22: 0 | AG22: 0 | AH22: 0 | AI22: 0 | AM22: SSSS | AN22: 0 | AO22: 0 | AP22: 0 | AQ22: 0 | AR22: 0 | AS22: 0 | AT22: 0 | AU22: 0 | AV22: 0 | AW22: 0 | AX22: 0 | AY22: 0 | AZ22: 0 | BA22: 0 | BB22: 0 | BC22: 0
A23: BMS | B23: 1.3993366 | C23: 0.93729505 | D23: 1.1521989 | E23: 1.9966934 | F23: 0.97160399 | G23: 0.9532263 | H23: 1.3019446 | I23: 0.95528863 | J23: 0.94930346 | K23: 1.2376598 | L23: 0.88465847 | M23: 1.2775832 | N23: 0.99539995 | O23: 1.1713085 | P23: 1.0678855 | S23: BMS | T23: 0 | U23: 0 | V23: 0 | W23: 0 | X23: 0 | Y23: 0 | Z23: 0 | AA23: 0 | AB23: 0 | AC23: 0 | AD23: 0 | AE23: 0 | AF23: 0 | AG23: 0 | AH23: 0 | AI23: 0 | AM23: BMS | AN23: 0 | AO23: 0 | AP23: 0 | AQ23: 0 | AR23: 0 | AS23: 0 | AT23: 0 | AU23: 0 | AV23: 0 | AW23: 0 | AX23: 0 | AY23: 0 | AZ23: 0 | BA23: 0 | BB23: 0 | BC23: 0
A24: CC | B24: 1.975429 | C24: 1.1761024 | D24: 1.138558 | E24: 2.4821135 | F24: 1.1341531 | G24: 1.2093443 | H24: 1.1056022 | I24: 1.2437167 | J24: 1.1192675 | K24: 1.0805401 | L24: 0.95777188 | M24: 1.4241023 | N24: 1.9988338 | O24: 2.0938614 | P24: 1.088734 | S24: CC | T24: 0 | U24: 0 | V24: 0 | W24: 0 | X24: 0 | Y24: 0 | Z24: 0 | AA24: 0 | AB24: 0 | AC24: 0 | AD24: 0 | AE24: 0 | AF24: 0 | AG24: 0 | AH24: 0 | AI24: 0 | AM24: CC | AN24: 0 | AO24: 0 | AP24: 0 | AQ24: 0 | AR24: 0 | AS24: 0 | AT24: 0 | AU24: 0 | AV24: 0 | AW24: 0 | AX24: 0 | AY24: 0 | AZ24: 0 | BA24: 0 | BB24: 0 | BC24: 0
A25: r | S25: r | T25: 1 | U25: 3 | V25: 1 | W25: 2 | X25: 2 | Y25: 0 | Z25: 2 | AA25: 3 | AB25: 0 | AC25: 3 | AD25: 4 | AE25: 2 | AF25: 2 | AG25: 4 | AH25: 3 | AI25: 32 | AM25: r | AN25: 1 | AO25: 3 | AP25: 0 | AQ25: 2 | AR25: 2 | AS25: 0 | AT25: 2 | AU25: 3 | AV25: 0 | AW25: 3 | AX25: 4 | AY25: 2 | AZ25: 1 | BA25: 3 | BB25: 2 | BC25: 28
A26: ZS | B26: 1 | C26: 1 | D26: 1 | E26: 1 | F26: 1 | G26: 1 | H26: 1 | I26: 1 | J26: 1 | K26: 1 | L26: 1 | M26: 1 | N26: 1 | O26: 1 | P26: 1 | S26: ZS | T26: 0 | U26: 0 | V26: 0 | W26: 0 | X26: 0 | Y26: 0 | Z26: 0 | AA26: 0 | AB26: 0 | AC26: 0 | AD26: 0 | AE26: 0 | AF26: 0 | AG26: 0 | AH26: 0 | AI26: 0 | AM26: ZS | AN26: 0 | AO26: 0 | AP26: 0 | AQ26: 0 | AR26: 0 | AS26: 0 | AT26: 0 | AU26: 0 | AV26: 0 | AW26: 0 | AX26: 0 | AY26: 0 | AZ26: 0 | BA26: 0 | BB26: 0 | BC26: 0
A27: ZS\&POOL | B27: 1.102663 | C27: 1.0435117 | D27: 1.0292551 | E27: 1.0169792 | F27: 0.99125838 | G27: 0.99050105 | H27: 0.91398345 | I27: 1.0207689 | J27: 1.0355109 | K27: 0.96608576 | L27: 0.95241429 | M27: 0.92173726 | N27: 1.1461089 | O27: 0.99324026 | P27: 0.95187411 | S27: ZS\&POOL | T27: 0 | U27: 0 | V27: 0 | W27: 0 | X27: 0 | Y27: 0 | Z27: 1 | AA27: 0 | AB27: 0 | AC27: 1 | AD27: 1 | AE27: 1 | AF27: 0 | AG27: 0 | AH27: 1 | AI27: 5 | AM27: ZS\&POOL | AN27: 0 | AO27: 0 | AP27: 0 | AQ27: 0 | AR27: 0 | AS27: 0 | AT27: 1 | AU27: 0 | AV27: 0 | AW27: 1 | AX27: 1 | AY27: 1 | AZ27: 0 | BA27: 0 | BB27: 1 | BC27: 5
A28: POOL | B28: 0.87733208 | C28: 0.91189659 | D28: 1.0706026 | E28: 0.88360479 | F28: 1.0659786 | G28: 1.0673374 | H28: 0.98564657 | I28: 0.94972451 | J28: 1.0729279 | K28: 0.91178065 | L28: 0.94916182 | M28: 1.0028526 | N28: 1.0130356 | O28: 0.73759682 | P28: 0.97210535 | S28: POOL | T28: 0 | U28: 1 | V28: 0 | W28: 1 | X28: 0 | Y28: 0 | Z28: 0 | AA28: 1 | AB28: 0 | AC28: 1 | AD28: 1 | AE28: 0 | AF28: 0 | AG28: 1 | AH28: 1 | AI28: 7 | AM28: POOL | AN28: 0 | AO28: 1 | AP28: 0 | AQ28: 1 | AR28: 0 | AS28: 0 | AT28: 0 | AU28: 1 | AV28: 0 | AW28: 1 | AX28: 1 | AY28: 0 | AZ28: 0 | BA28: 1 | BB28: 0 | BC28: 6
A29: ZSGL | B29: 0.97453888 | C29: 0.9313719 | D29: 0.98774996 | E29: 1.0484376 | F29: 0.95651982 | G29: 1.0319629 | H29: 0.97342518 | I29: 0.89204059 | J29: 1.0329041 | K29: 0.96706678 | L29: 0.96506394 | M29: 1.006312 | N29: 0.92121441 | O29: 0.85356763 | P29: 1.0003727 | S29: ZSGL | T29: 0 | U29: 1 | V29: 0 | W29: 0 | X29: 1 | Y29: 0 | Z29: 1 | AA29: 1 | AB29: 0 | AC29: 0 | AD29: 1 | AE29: 0 | AF29: 1 | AG29: 1 | AH29: 0 | AI29: 7 | AM29: ZSGL | AN29: 0 | AO29: 1 | AP29: 0 | AQ29: 0 | AR29: 1 | AS29: 0 | AT29: 1 | AU29: 1 | AV29: 0 | AW29: 0 | AX29: 1 | AY29: 0 | AZ29: 1 | BA29: 1 | BB29: 0 | BC29: 7
A30: J | B30: 0.4753866 | C30: 0.83256317 | D30: 0.95920341 | E30: 0.16462728 | F30: 0.87878497 | G30: 1.01825 | H30: 0.9302469 | I30: 0.81795373 | J30: 0.98867713 | K30: 0.77015154 | L30: 0.78440302 | M30: 0.89046768 | N30: 0.71767352 | O30: 0.44203164 | P30: 0.80754702 | S30: J | T30: 1 | U30: 1 | V30: 1 | W30: 1 | X30: 1 | Y30: 0 | Z30: 0 | AA30: 1 | AB30: 0 | AC30: 1 | AD30: 1 | AE30: 1 | AF30: 1 | AG30: 1 | AH30: 1 | AI30: 12 | AM30: J | AN30: 1 | AO30: 1 | AP30: 0 | AQ30: 1 | AR30: 1 | AT30: 0 | AU30: 1 | AV30: 0 | AW30: 1 | AX30: 1 | AY30: 1 | AZ30: 0 | BA30: 1 | BB30: 1 | BC30: 10
A31: BFCS | B31: 1.7520502 | C31: 1.9085691 | D31: 1.6613537 | E31: 2.2796489 | F31: 2.754995 | G31: 2.3841217 | H31: 2.8683526 | I31: 1.7359081 | J31: 3.2064379 | K31: 3.0450672 | L31: 1.148756 | M31: 2.6712533 | N31: 0.99357569 | O31: 3.3270382 | P31: 2.0786148 | S31: BFCS | T31: 0 | U31: 0 | V31: 0 | W31: 0 | X31: 0 | Y31: 0 | Z31: 0 | AA31: 0 | AB31: 0 | AC31: 0 | AD31: 0 | AE31: 0 | AF31: 0 | AG31: 0 | AH31: 0 | AI31: 0 | AM31: BFCS | AN31: 0 | AO31: 0 | AP31: 0 | AQ31: 0 | AR31: 0 | AS31: 0 | AT31: 0 | AU31: 0 | AV31: 0 | AW31: 0 | AX31: 0 | AY31: 0 | AZ31: 0 | BA31: 0 | BB31: 0 | BC31: 0
A32: SSSS | B32: 1.2825821 | C32: 1.1554732 | D32: 1.7633726 | E32: 2.0154487 | F32: 1.2292012 | G32: 1.1194978 | H32: 0.95041986 | I32: 1.1031005 | J32: 1.4671062 | K32: 1.1478664 | L32: 0.9246687 | M32: 1.7300149 | N32: 1.5945643 | O32: 0.84434689 | P32: 1.1332688 | S32: SSSS | T32: 0 | U32: 0 | V32: 0 | W32: 0 | X32: 0 | Y32: 0 | Z32: 0 | AA32: 0 | AB32: 0 | AC32: 0 | AD32: 0 | AE32: 0 | AF32: 0 | AG32: 1 | AH32: 0 | AI32: 1 | AM32: SSSS | AN32: 0 | AO32: 0 | AP32: 0 | AQ32: 0 | AR32: 0 | AS32: 0 | AT32: 0 | AU32: 0 | AV32: 0 | AW32: 0 | AX32: 0 | AY32: 0 | AZ32: 0 | BA32: 0 | BB32: 0 | BC32: 0
A33: BMS | B33: 1.3460489 | C33: 1.375177 | D33: 1.2913848 | E33: 2.0441157 | F33: 1.5520672 | G33: 1.4615424 | H33: 1.6744738 | I33: 1.2918631 | J33: 1.9328869 | K33: 1.7058766 | L33: 1.0864967 | M33: 1.761294 | N33: 1.1494044 | O33: 1.6440507 | P33: 1.2608077 | S33: BMS | T33: 0 | U33: 0 | V33: 0 | W33: 0 | X33: 0 | Y33: 0 | Z33: 0 | AA33: 0 | AB33: 0 | AC33: 0 | AD33: 0 | AE33: 0 | AF33: 0 | AG33: 0 | AH33: 0 | AI33: 0 | AM33: BMS | AN33: 0 | AO33: 0 | AP33: 0 | AQ33: 0 | AR33: 0 | AS33: 0 | AT33: 0 | AU33: 0 | AV33: 0 | AW33: 0 | AX33: 0 | AY33: 0 | AZ33: 0 | BA33: 0 | BB33: 0 | BC33: 0
A34: CC | B34: 1.8518544 | C34: 2.1896108 | D34: 1.8858996 | E34: 2.3417618 | F34: 2.3111592 | G34: 1.6776759 | H34: 2.6148879 | I34: 2.0158326 | J34: 3.2469756 | K34: 2.3135901 | L34: 1.1245182 | M34: 2.1692789 | N34: 3.5379766 | O34: 2.3993243 | P34: 1.8038483 | S34: CC | T34: 0 | U34: 0 | V34: 0 | W34: 0 | X34: 0 | Y34: 0 | Z34: 0 | AA34: 0 | AB34: 0 | AC34: 0 | AD34: 0 | AE34: 0 | AF34: 0 | AG34: 0 | AH34: 0 | AI34: 0 | AM34: CC | AN34: 0 | AO34: 0 | AP34: 0 | AQ34: 0 | AR34: 0 | AS34: 0 | AT34: 0 | AU34: 0 | AV34: 0 | AW34: 0 | AX34: 0 | AY34: 0 | AZ34: 0 | BA34: 0 | BB34: 0 | BC34: 0
S35: Grand Total | T35: 6 | U35: 3 | V35: 4 | W35: 5 | X35: 5 | Y35: 0 | Z35: 2 | AA35: 7 | AB35: 2 | AC35: 4 | AD35: 7 | AE35: 6 | AF35: 4 | AG35: 8 | AH35: 4 | AI35: 67 | AM35: Grand Total | AN35: 4 | AO35: 3 | AP35: 2 | AQ35: 5 | AR35: 5 | AS35: 0 | AT35: 2 | AU35: 3 | AV35: 2 | AW35: 4 | AX35: 6 | AY35: 5 | AZ35: 2 | BA35: 7 | BB35: 3 | BC35: 53

Sheet rmsfe_Pivot_T8
S1: 0.1 | AM1: 0.05
A3: Sum of T_8 | B3: Column Labels | S3: Sum of T_8 | T3: Column Labels | AM3: Sum of T_8 | AN3: Column Labels
A4: Row Labels | B4: AG | C4: AT | D4: AU | E4: BR | F4: CA | G4: CH | H4: CN | I4: DE | J4: FR | K4: GB | L4: IN | M4: IT | N4: JP | O4: MX | P4: US | S4: Row Labels | T4: AG | U4: AT | V4: AU | W4: BR | X4: CA | Y4: CH | Z4: CN | AA4: DE | AB4: FR | AC4: GB | AD4: IN | AE4: IT | AF4: JP | AG4: MX | AH4: US | AI4: Grand Total | AM4: Row Labels | AN4: AG | AO4: AT | AP4: AU | AQ4: BR | AR4: CA | AS4: CH | AT4: CN | AU4: DE | AV4: FR | AW4: GB | AX4: IN | AY4: IT | AZ4: JP | BA4: MX | BB4: US | BC4: Grand Total
A5: y | S5: y | T5: 0 | U5: 1 | V5: 2 | W5: 0 | X5: 3 | Y5: 1 | Z5: 0 | AA5: 1 | AB5: 0 | AC5: 2 | AD5: 0 | AE5: 0 | AF5: 0 | AG5: 0 | AH5: 0 | AI5: 10 | AM5: y | AN5: 0 | AO5: 1 | AP5: 2 | AQ5: 0 | AR5: 3 | AS5: 0 | AT5: 0 | AU5: 0 | AV5: 0 | AW5: 0 | AX5: 0 | AY5: 0 | AZ5: 0 | BA5: 0 | BB5: 0 | BC5: 6
A6: ZS | B6: 1 | C6: 1 | D6: 1 | E6: 1 | F6: 1 | G6: 1 | H6: 1 | I6: 1 | J6: 1 | K6: 1 | L6: 1 | M6: 1 | N6: 1 | O6: 1 | P6: 1 | S6: ZS | T6: 0 | U6: 0 | V6: 0 | W6: 0 | X6: 0 | Y6: 0 | Z6: 0 | AA6: 0 | AB6: 0 | AC6: 0 | AD6: 0 | AE6: 0 | AF6: 0 | AG6: 0 | AH6: 0 | AI6: 0 | AM6: ZS | AN6: 0 | AO6: 0 | AP6: 0 | AQ6: 0 | AR6: 0 | AS6: 0 | AT6: 0 | AU6: 0 | AV6: 0 | AW6: 0 | AX6: 0 | AY6: 0 | AZ6: 0 | BA6: 0 | BB6: 0 | BC6: 0
A7: ZS\&POOL | B7: 0.99650451 | C7: 0.9965887 | D7: 0.97594481 | E7: 1.0001416 | F7: 0.96183608 | G7: 0.99724169 | H7: 0.99092346 | I7: 0.98557724 | J7: 0.99888551 | K7: 0.99285212 | L7: 1.000065 | M7: 1.0224067 | N7: 1.0208234 | O7: 1.0017488 | P7: 1.0055898 | S7: ZS\&POOL | T7: 0 | U7: 1 | V7: 1 | W7: 0 | X7: 1 | Y7: 0 | Z7: 0 | AA7: 1 | AB7: 0 | AC7: 0 | AD7: 0 | AE7: 0 | AF7: 0 | AG7: 0 | AH7: 0 | AI7: 4 | AM7: ZS\&POOL | AN7: 0 | AO7: 1 | AP7: 1 | AQ7: 0 | AR7: 1 | AS7: 0 | AT7: 0 | AU7: 0 | AV7: 0 | AW7: 0 | AX7: 0 | AY7: 0 | AZ7: 0 | BA7: 0 | BB7: 0 | BC7: 3
A8: POOL | B8: 1.0045067 | C8: 1.0004102 | D8: 1.0002856 | E8: 1.001563 | F8: 0.99685264 | G8: 1.012666 | H8: 1.0308338 | I8: 0.99557677 | J8: 1.0274343 | K8: 0.98946357 | L8: 0.99461084 | M8: 0.97183244 | N8: 1.0014631 | O8: 1.0011536 | P8: 0.99885125 | S8: POOL | T8: 0 | U8: 0 | V8: 0 | W8: 0 | X8: 0 | Y8: 0 | Z8: 0 | AA8: 0 | AB8: 0 | AC8: 0 | AD8: 0 | AE8: 0 | AF8: 0 | AG8: 0 | AH8: 0 | AI8: 0 | AM8: POOL | AN8: 0 | AO8: 0 | AP8: 0 | AQ8: 0 | AR8: 0 | AS8: 0 | AT8: 0 | AU8: 0 | AV8: 0 | AW8: 0 | AX8: 0 | AY8: 0 | AZ8: 0 | BA8: 0 | BB8: 0 | BC8: 0
A9: ZSGL | B9: 1.0038453 | C9: 1.001847 | D9: 1.0110983 | E9: 0.99984953 | F9: 1.0194376 | G9: 1.0031116 | H9: 1.0153524 | I9: 0.98921433 | J9: 1.0114863 | K9: 0.99698361 | L9: 0.99990925 | M9: 1.0003681 | N9: 0.99680366 | O9: 1.0081126 | P9: 0.99814935 | S9: ZSGL | T9: 0 | U9: 0 | V9: 0 | W9: 0 | X9: 0 | Y9: 0 | Z9: 0 | AA9: 0 | AB9: 0 | AC9: 1 | AD9: 0 | AE9: 0 | AF9: 0 | AG9: 0 | AH9: 0 | AI9: 1 | AM9: ZSGL | AN9: 0 | AO9: 0 | AP9: 0 | AQ9: 0 | AR9: 0 | AS9: 0 | AT9: 0 | AU9: 0 | AV9: 0 | AW9: 0 | AX9: 0 | AY9: 0 | AZ9: 0 | BA9: 0 | BB9: 0 | BC9: 0
A10: J | B10: 0.96325392 | C10: 1.0033534 | D10: 0.95712435 | E10: 0.9944903 | F10: 0.94220171 | G10: 0.98770836 | H10: 1.0417138 | I10: 0.99060854 | J10: 0.9993138 | K10: 1.0043974 | L10: 1.0573743 | M10: 1.0018282 | N10: 1.0296545 | O10: 0.99574009 | P10: 1.0213733 | S10: J | T10: 0 | U10: 0 | V10: 1 | W10: 0 | X10: 1 | Y10: 0 | Z10: 0 | AA10: 0 | AB10: 0 | AC10: 0 | AD10: 0 | AE10: 0 | AF10: 0 | AG10: 0 | AH10: 0 | AI10: 2 | AM10: J | AN10: 0 | AO10: 0 | AP10: 1 | AQ10: 0 | AR10: 1 | AS10: 0 | AT10: 0 | AU10: 0 | AV10: 0 | AW10: 0 | AX10: 0 | AY10: 0 | AZ10: 0 | BA10: 0 | BB10: 0 | BC10: 2
A11: BFCS | B11: 1.0064287 | C11: 1.0329756 | D11: 0.96633918 | E11: 1.0419574 | F11: 0.93007857 | G11: 0.98479896 | H11: 1.0014319 | I11: 1.0023074 | J11: 0.99236278 | K11: 0.96764 | L11: 1.0298167 | M11: 0.99645139 | N11: 1.0128732 | O11: 1.0411302 | P11: 1.0105479 | S11: BFCS | T11: 0 | U11: 0 | V11: 0 | W11: 0 | X11: 1 | Y11: 1 | Z11: 0 | AA11: 0 | AB11: 0 | AC11: 1 | AD11: 0 | AE11: 0 | AF11: 0 | AG11: 0 | AH11: 0 | AI11: 3 | AM11: BFCS | AN11: 0 | AO11: 0 | AP11: 0 | AQ11: 0 | AR11: 1 | AS11: 0 | AT11: 0 | AU11: 0 | AV11: 0 | AW11: 0 | AX11: 0 | AY11: 0 | AZ11: 0 | BA11: 0 | BB11: 0 | BC11: 1
A12: SSSS | B12: 1.1998377 | C12: 1.0254115 | D12: 1.2644667 | E12: 8.3389601 | F12: 1.1173224 | G12: 1.0087192 | H12: 1.0964027 | I12: 0.98164936 | J12: 1.139625 | K12: 1.1063933 | L12: 1.1077021 | M12: 1.3833122 | N12: 1.0337158 | O12: 2.1605027 | P12: 1.0322412 | S12: SSSS | T12: 0 | U12: 0 | V12: 0 | W12: 0 | X12: 0 | Y12: 0 | Z12: 0 | AA12: 0 | AB12: 0 | AC12: 0 | AD12: 0 | AE12: 0 | AF12: 0 | AG12: 0 | AH12: 0 | AI12: 0 | AM12: SSSS | AN12: 0 | AO12: 0 | AP12: 0 | AQ12: 0 | AR12: 0 | AS12: 0 | AT12: 0 | AU12: 0 | AV12: 0 | AW12: 0 | AX12: 0 | AY12: 0 | AZ12: 0 | BA12: 0 | BB12: 0 | BC12: 0
A13: BMS | B13: 1.1558648 | C13: 1.0171564 | D13: 1.266444 | E13: 1.1696755 | F13: 1.1028381 | G13: 1.0652167 | H13: 1.0802219 | I13: 1.0009821 | J13: 1.0824036 | K13: 1.0628917 | L13: 1.022763 | M13: 1.030816 | N13: 1.0091897 | O13: 1.0308002 | P13: 1.0840516 | S13: BMS | T13: 0 | U13: 0 | V13: 0 | W13: 0 | X13: 0 | Y13: 0 | Z13: 0 | AA13: 0 | AB13: 0 | AC13: 0 | AD13: 0 | AE13: 0 | AF13: 0 | AG13: 0 | AH13: 0 | AI13: 0 | AM13: BMS | AN13: 0 | AO13: 0 | AP13: 0 | AQ13: 0 | AR13: 0 | AS13: 0 | AT13: 0 | AU13: 0 | AV13: 0 | AW13: 0 | AX13: 0 | AY13: 0 | AZ13: 0 | BA13: 0 | BB13: 0 | BC13: 0
A14: CC | B14: 1.5547156 | C14: 1.9638803 | D14: 3.2163074 | E14: 2.1653891 | F14: 2.803222 | G14: 2.0566088 | H14: 1.664013 | I14: 2.1636318 | J14: 3.1197196 | K14: 2.2245651 | L14: 1.632705 | M14: 2.7462996 | N14: 2.0107102 | O14: 2.2474687 | P14: 2.8351847 | S14: CC | T14: 0 | U14: 0 | V14: 0 | W14: 0 | X14: 0 | Y14: 0 | Z14: 0 | AA14: 0 | AB14: 0 | AC14: 0 | AD14: 0 | AE14: 0 | AF14: 0 | AG14: 0 | AH14: 0 | AI14: 0 | AM14: CC | AN14: 0 | AO14: 0 | AP14: 0 | AQ14: 0 | AR14: 0 | AS14: 0 | AT14: 0 | AU14: 0 | AV14: 0 | AW14: 0 | AX14: 0 | AY14: 0 | AZ14: 0 | BA14: 0 | BB14: 0 | BC14: 0
A15: Dp | S15: Dp | T15: 1 | U15: 0 | V15: 1 | W15: 3 | X15: 1 | Y15: 2 | Z15: 1 | AA15: 0 | AB15: 1 | AC15: 1 | AD15: 0 | AE15: 1 | AF15: 1 | AG15: 5 | AH15: 0 | AI15: 18 | AM15: Dp | AN15: 1 | AO15: 0 | AP15: 0 | AQ15: 3 | AR15: 1 | AS15: 1 | AT15: 0 | AU15: 0 | AV15: 1 | AW15: 0 | AX15: 0 | AY15: 1 | AZ15: 0 | BA15: 5 | BB15: 0 | BC15: 13
A16: ZS | B16: 1 | C16: 1 | D16: 1 | E16: 1 | F16: 1 | G16: 1 | H16: 1 | I16: 1 | J16: 1 | K16: 1 | L16: 1 | M16: 1 | N16: 1 | O16: 1 | P16: 1 | S16: ZS | T16: 0 | U16: 0 | V16: 0 | W16: 0 | X16: 0 | Y16: 0 | Z16: 0 | AA16: 0 | AB16: 0 | AC16: 0 | AD16: 0 | AE16: 0 | AF16: 0 | AG16: 0 | AH16: 0 | AI16: 0 | AM16: ZS | AN16: 0 | AO16: 0 | AP16: 0 | AQ16: 0 | AR16: 0 | AS16: 0 | AT16: 0 | AU16: 0 | AV16: 0 | AW16: 0 | AX16: 0 | AY16: 0 | AZ16: 0 | BA16: 0 | BB16: 0 | BC16: 0
A17: ZS\&POOL | B17: 1.1369912 | C17: 0.99279395 | D17: 1.0798028 | E17: 1.0282935 | F17: 0.99697366 | G17: 1.035245 | H17: 0.98893526 | I17: 0.98252264 | J17: 0.92143156 | K17: 0.98372531 | L17: 1.0015572 | M17: 0.88611484 | N17: 1.0111983 | O17: 0.9693292 | P17: 1.0009164 | S17: ZS\&POOL | T17: 0 | U17: 0 | V17: 0 | W17: 0 | X17: 0 | Y17: 0 | Z17: 0 | AA17: 0 | AB17: 1 | AC17: 0 | AD17: 0 | AE17: 1 | AF17: 0 | AG17: 1 | AH17: 0 | AI17: 3 | AM17: ZS\&POOL | AN17: 0 | AO17: 0 | AP17: 0 | AQ17: 0 | AR17: 0 | AS17: 0 | AT17: 0 | AU17: 0 | AV17: 1 | AW17: 0 | AX17: 0 | AY17: 1 | AZ17: 0 | BA17: 1 | BB17: 0 | BC17: 3
A18: POOL | B18: 0.91841015 | C18: 0.99635874 | D18: 1.0985005 | E18: 0.8937097 | F18: 1.0401573 | G18: 1.0725025 | H18: 1.0294053 | I18: 1.041306 | J18: 1.0788722 | K18: 1.0247124 | L18: 1.0475395 | M18: 1.1018709 | N18: 0.97812516 | O18: 0.66588454 | P18: 1.0157747 | S18: POOL | T18: 0 | U18: 0 | V18: 0 | W18: 1 | X18: 0 | Y18: 0 | Z18: 0 | AA18: 0 | AB18: 0 | AC18: 0 | AD18: 0 | AE18: 0 | AF18: 0 | AG18: 1 | AH18: 0 | AI18: 2 | AM18: POOL | AN18: 0 | AO18: 0 | AP18: 0 | AQ18: 1 | AR18: 0 | AS18: 0 | AT18: 0 | AU18: 0 | AV18: 0 | AW18: 0 | AX18: 0 | AY18: 0 | AZ18: 0 | BA18: 1 | BB18: 0 | BC18: 2
A19: ZSGL | B19: 0.99348833 | C19: 0.97799817 | D19: 0.96818962 | E19: 1.0561816 | F19: 0.99008843 | G19: 1.0140985 | H19: 0.99818031 | I19: 0.99794031 | J19: 1.0141055 | K19: 0.96178347 | L19: 1.0029319 | M19: 1.0409255 | N19: 0.96943176 | O19: 0.7336857 | P19: 0.99104447 | S19: ZSGL | T19: 0 | U19: 0 | V19: 1 | W19: 0 | X19: 0 | Y19: 0 | Z19: 0 | AA19: 0 | AB19: 0 | AC19: 1 | AD19: 0 | AE19: 0 | AF19: 1 | AG19: 1 | AH19: 0 | AI19: 4 | AM19: ZSGL | AN19: 0 | AO19: 0 | AP19: 0 | AQ19: 0 | AR19: 0 | AS19: 0 | AT19: 0 | AU19: 0 | AV19: 0 | AW19: 0 | AX19: 0 | AY19: 0 | AZ19: 0 | BA19: 1 | BB19: 0 | BC19: 1
A20: J | B20: 0.41266031 | C20: 1.4157086 | D20: 0.98733187 | E20: 0.23977369 | F20: 1.1792375 | G20: 0.98977609 | H20: 1.0338256 | I20: 1.3961462 | J20: 1.1234205 | K20: 1.0889581 | L20: 0.94085122 | M20: 0.8482535 | N20: 1.2131448 | O20: 0.62402965 | P20: 1.1204806 | S20: J | T20: 1 | U20: 0 | V20: 0 | W20: 1 | X20: 0 | Y20: 0 | Z20: 0 | AA20: 0 | AB20: 0 | AC20: 0 | AD20: 0 | AE20: 0 | AF20: 0 | AG20: 1 | AH20: 0 | AI20: 3 | AM20: J | AN20: 1 | AO20: 0 | AP20: 0 | AQ20: 1 | AR20: 0 | AS20: 0 | AT20: 0 | AU20: 0 | AV20: 0 | AW20: 0 | AX20: 0 | AY20: 0 | AZ20: 0 | BA20: 1 | BB20: 0 | BC20: 3
A21: BFCS | B21: 1.5336527 | C21: 1.0777855 | D21: 1.4144068 | E21: 1.623161 | F21: 1.1995146 | G21: 1.2685672 | H21: 1.169078 | I21: 1.0642778 | J21: 1.4710189 | K21: 1.3550615 | L21: 0.99287734 | M21: 1.7872912 | N21: 1.0395061 | O21: 1.8554668 | P21: 1.0798802 | S21: BFCS | T21: 0 | U21: 0 | V21: 0 | W21: 0 | X21: 0 | Y21: 0 | Z21: 0 | AA21: 0 | AB21: 0 | AC21: 0 | AD21: 0 | AE21: 0 | AF21: 0 | AG21: 0 | AH21: 0 | AI21: 0 | AM21: BFCS | AN21: 0 | AO21: 0 | AP21: 0 | AQ21: 0 | AR21: 0 | AS21: 0 | AT21: 0 | AU21: 0 | AV21: 0 | AW21: 0 | AX21: 0 | AY21: 0 | AZ21: 0 | BA21: 0 | BB21: 0 | BC21: 0
A22: SSSS | B22: 1.4549247 | C22: 1.1401856 | D22: 1.0867619 | E22: 0.68926304 | F22: 1.0044426 | G22: 0.92858474 | H22: 0.88187104 | I22: 1.1005956 | J22: 1.1757511 | K22: 1.008995 | L22: 1.0379005 | M22: 1.1235255 | N22: 1.0030907 | O22: 1.1305882 | P22: 0.98284613 | S22: SSSS | T22: 0 | U22: 0 | V22: 0 | W22: 1 | X22: 0 | Y22: 1 | Z22: 1 | AA22: 0 | AB22: 0 | AC22: 0 | AD22: 0 | AE22: 0 | AF22: 0 | AG22: 0 | AH22: 0 | AI22: 3 | AM22: SSSS | AN22: 0 | AO22: 0 | AP22: 0 | AQ22: 1 | AR22: 0 | AS22: 0 | AT22: 0 | AU22: 0 | AV22: 0 | AW22: 0 | AX22: 0 | AY22: 0 | AZ22: 0 | BA22: 0 | BB22: 0 | BC22: 1
A23: BMS | B23: 1.081114 | C23: 0.9459587 | D23: 1.1313075 | E23: 1.3173937 | F23: 0.93678935 | G23: 0.92639139 | H23: 1.2886965 | I23: 0.95672869 | J23: 0.89752852 | K23: 1.1085385 | L23: 0.93994284 | M23: 1.0252288 | N23: 0.96025086 | O23: 0.80203132 | P23: 1.0325199 | S23: BMS | T23: 0 | U23: 0 | V23: 0 | W23: 0 | X23: 1 | Y23: 1 | Z23: 0 | AA23: 0 | AB23: 0 | AC23: 0 | AD23: 0 | AE23: 0 | AF23: 0 | AG23: 1 | AH23: 0 | AI23: 3 | AM23: BMS | AN23: 0 | AO23: 0 | AP23: 0 | AQ23: 0 | AR23: 1 | AS23: 1 | AT23: 0 | AU23: 0 | AV23: 0 | AW23: 0 | AX23: 0 | AY23: 0 | AZ23: 0 | BA23: 1 | BB23: 0 | BC23: 3
A24: CC | B24: 1.5520472 | C24: 1.2469231 | D24: 1.1480992 | E24: 1.6336444 | F24: 1.2778162 | G24: 1.1550701 | H24: 1.1514312 | I24: 1.3333348 | J24: 1.1051806 | K24: 1.0203751 | L24: 0.98842525 | M24: 1.2168306 | N24: 2.0914854 | O24: 1.4202655 | P24: 1.1136501 | S24: CC | T24: 0 | U24: 0 | V24: 0 | W24: 0 | X24: 0 | Y24: 0 | Z24: 0 | AA24: 0 | AB24: 0 | AC24: 0 | AD24: 0 | AE24: 0 | AF24: 0 | AG24: 0 | AH24: 0 | AI24: 0 | AM24: CC | AN24: 0 | AO24: 0 | AP24: 0 | AQ24: 0 | AR24: 0 | AS24: 0 | AT24: 0 | AU24: 0 | AV24: 0 | AW24: 0 | AX24: 0 | AY24: 0 | AZ24: 0 | BA24: 0 | BB24: 0 | BC24: 0
A25: r | S25: r | T25: 1 | U25: 5 | V25: 2 | W25: 2 | X25: 3 | Y25: 1 | Z25: 4 | AA25: 5 | AB25: 1 | AC25: 5 | AD25: 2 | AE25: 2 | AF25: 5 | AG25: 4 | AH25: 4 | AI25: 46 | AM25: r | AN25: 1 | AO25: 5 | AP25: 1 | AQ25: 2 | AR25: 3 | AS25: 0 | AT25: 3 | AU25: 5 | AV25: 1 | AW25: 5 | AX25: 1 | AY25: 2 | AZ25: 5 | BA25: 4 | BB25: 4 | BC25: 42
A26: ZS | B26: 1 | C26: 1 | D26: 1 | E26: 1 | F26: 1 | G26: 1 | H26: 1 | I26: 1 | J26: 1 | K26: 1 | L26: 1 | M26: 1 | N26: 1 | O26: 1 | P26: 1 | S26: ZS | T26: 0 | U26: 0 | V26: 0 | W26: 0 | X26: 0 | Y26: 0 | Z26: 0 | AA26: 0 | AB26: 0 | AC26: 0 | AD26: 0 | AE26: 0 | AF26: 0 | AG26: 0 | AH26: 0 | AI26: 0 | AM26: ZS | AN26: 0 | AO26: 0 | AP26: 0 | AQ26: 0 | AR26: 0 | AS26: 0 | AT26: 0 | AU26: 0 | AV26: 0 | AW26: 0 | AX26: 0 | AY26: 0 | AZ26: 0 | BA26: 0 | BB26: 0 | BC26: 0
A27: ZS\&POOL | B27: 1.1202016 | C27: 1.0137548 | D27: 1.0203724 | E27: 1.0354988 | F27: 0.99140486 | G27: 0.98382161 | H27: 0.89824094 | I27: 0.99538461 | J27: 1.0617261 | K27: 0.98146614 | L27: 0.96126972 | M27: 0.91543635 | N27: 1.1973886 | O27: 1.0309577 | P27: 0.95669447 | S27: ZS\&POOL | T27: 0 | U27: 0 | V27: 0 | W27: 0 | X27: 0 | Y27: 1 | Z27: 1 | AA27: 0 | AB27: 0 | AC27: 1 | AD27: 0 | AE27: 1 | AF27: 0 | AG27: 0 | AH27: 1 | AI27: 5 | AM27: ZS\&POOL | AN27: 0 | AO27: 0 | AP27: 0 | AQ27: 0 | AR27: 0 | AS27: 0 | AT27: 1 | AU27: 0 | AV27: 0 | AW27: 1 | AX27: 0 | AY27: 1 | AZ27: 0 | BA27: 0 | BB27: 1 | BC27: 4
A28: POOL | B28: 0.94125201 | C28: 0.90020371 | D28: 1.1079202 | E28: 0.89658693 | F28: 1.0426675 | G28: 1.1398744 | H28: 0.97216358 | I28: 0.92406022 | J28: 1.1526297 | K28: 0.92444026 | L28: 0.99103314 | M28: 1.0181829 | N28: 0.94954923 | O28: 0.78176723 | P28: 0.97073841 | S28: POOL | T28: 0 | U28: 1 | V28: 0 | W28: 1 | X28: 0 | Y28: 0 | Z28: 0 | AA28: 1 | AB28: 0 | AC28: 1 | AD28: 0 | AE28: 0 | AF28: 1 | AG28: 1 | AH28: 0 | AI28: 6 | AM28: POOL | AN28: 0 | AO28: 1 | AP28: 0 | AQ28: 1 | AR28: 0 | AS28: 0 | AT28: 0 | AU28: 1 | AV28: 0 | AW28: 1 | AX28: 0 | AY28: 0 | AZ28: 1 | BA28: 1 | BB28: 0 | BC28: 6
A29: ZSGL | B29: 0.98948933 | C29: 0.93372064 | D29: 0.97630316 | E29: 1.0528781 | F29: 0.96011 | G29: 1.0592489 | H29: 0.96144716 | I29: 0.88188736 | J29: 1.0500768 | K29: 0.93665414 | L29: 0.9719284 | M29: 1.0002506 | N29: 0.93222314 | O29: 0.85286063 | P29: 0.98963524 | S29: ZSGL | T29: 0 | U29: 1 | V29: 1 | W29: 0 | X29: 1 | Y29: 0 | Z29: 1 | AA29: 1 | AB29: 0 | AC29: 1 | AD29: 1 | AE29: 0 | AF29: 1 | AG29: 1 | AH29: 0 | AI29: 9 | AM29: ZSGL | AN29: 0 | AO29: 1 | AP29: 0 | AQ29: 0 | AR29: 1 | AS29: 0 | AT29: 1 | AU29: 1 | AV29: 0 | AW29: 1 | AX29: 1 | AY29: 0 | AZ29: 1 | BA29: 1 | BB29: 0 | BC29: 8
A30: J | B30: 0.41437382 | C30: 0.74960853 | D30: 0.87796796 | E30: 0.14802812 | F30: 0.82892828 | G30: 0.97477591 | H30: 0.80924776 | I30: 0.7331859 | J30: 0.94489712 | K30: 0.72914705 | L30: 0.77630825 | M30: 0.82003303 | N30: 0.55062514 | O30: 0.46111858 | P30: 0.79305943 | S30: J | T30: 1 | U30: 1 | V30: 1 | W30: 1 | X30: 1 | Y30: 0 | Z30: 1 | AA30: 1 | AB30: 1 | AC30: 1 | AD30: 0 | AE30: 1 | AF30: 1 | AG30: 1 | AH30: 1 | AI30: 13 | AM30: J | AN30: 1 | AO30: 1 | AP30: 1 | AQ30: 1 | AR30: 1 | AT30: 0 | AU30: 1 | AV30: 1 | AW30: 1 | AX30: 0 | AY30: 1 | AZ30: 1 | BA30: 1 | BB30: 1 | BC30: 12
A31: BFCS | B31: 1.3010556 | C31: 1.194141 | D31: 1.1792708 | E31: 1.5592305 | F31: 1.6989405 | G31: 1.6305186 | H31: 1.7003472 | I31: 1.0756853 | J31: 2.000436 | K31: 1.8696982 | L31: 0.98184876 | M31: 1.6172695 | N31: 0.61376902 | O31: 2.0921694 | P31: 1.3518074 | S31: BFCS | T31: 0 | U31: 0 | V31: 0 | W31: 0 | X31: 0 | Y31: 0 | Z31: 0 | AA31: 0 | AB31: 0 | AC31: 0 | AD31: 0 | AE31: 0 | AF31: 1 | AG31: 0 | AH31: 0 | AI31: 1 | AM31: BFCS | AN31: 0 | AO31: 0 | AP31: 0 | AQ31: 0 | AR31: 0 | AS31: 0 | AT31: 0 | AU31: 0 | AV31: 0 | AW31: 0 | AX31: 0 | AY31: 0 | AZ31: 1 | BA31: 0 | BB31: 0 | BC31: 1
A32: SSSS | B32: 0.8980071 | C32: 0.81028505 | D32: 1.2845512 | E32: 1.3384034 | F32: 0.8723982 | G32: 0.97824167 | H32: 0.6660159 | I32: 0.7728958 | J32: 1.0653332 | K32: 0.81601496 | L32: 0.97921538 | M32: 1.1237826 | N32: 0.95532372 | O32: 0.54042259 | P32: 0.88612219 | S32: SSSS | T32: 0 | U32: 1 | V32: 0 | W32: 0 | X32: 1 | Y32: 0 | Z32: 1 | AA32: 1 | AB32: 0 | AC32: 1 | AD32: 0 | AE32: 0 | AF32: 0 | AG32: 1 | AH32: 1 | AI32: 7 | AM32: SSSS | AN32: 0 | AO32: 1 | AP32: 0 | AQ32: 0 | AR32: 1 | AS32: 0 | AT32: 1 | AU32: 1 | AV32: 0 | AW32: 1 | AX32: 0 | AY32: 0 | AZ32: 0 | BA32: 1 | BB32: 1 | BC32: 7
A33: BMS | B33: 1.0098517 | C33: 0.88223593 | D33: 0.92050754 | E33: 1.3961559 | F33: 1.0171913 | G33: 1.0752707 | H33: 1.020365 | I33: 0.81622683 | J33: 1.2506957 | K33: 1.1146873 | L33: 0.99575043 | M33: 1.1109597 | N33: 0.68681584 | O33: 1.0915728 | P33: 0.89776783 | S33: BMS | T33: 0 | U33: 1 | V33: 0 | W33: 0 | X33: 0 | Y33: 0 | Z33: 0 | AA33: 1 | AB33: 0 | AC33: 0 | AD33: 0 | AE33: 0 | AF33: 1 | AG33: 0 | AH33: 1 | AI33: 4 | AM33: BMS | AN33: 0 | AO33: 1 | AP33: 0 | AQ33: 0 | AR33: 0 | AS33: 0 | AT33: 0 | AU33: 1 | AV33: 0 | AW33: 0 | AX33: 0 | AY33: 0 | AZ33: 1 | BA33: 0 | BB33: 1 | BC33: 4
A34: CC | B34: 1.3812907 | C34: 1.3288015 | D34: 1.3622478 | E34: 1.5904166 | F34: 1.4701297 | G34: 1.2317361 | H34: 1.5894903 | I34: 1.2189734 | J34: 2.0165778 | K34: 1.4524472 | L34: 0.91976998 | M34: 1.3682717 | N34: 2.1357506 | O34: 1.5325547 | P34: 1.1982409 | S34: CC | T34: 0 | U34: 0 | V34: 0 | W34: 0 | X34: 0 | Y34: 0 | Z34: 0 | AA34: 0 | AB34: 0 | AC34: 0 | AD34: 1 | AE34: 0 | AF34: 0 | AG34: 0 | AH34: 0 | AI34: 1 | AM34: CC | AN34: 0 | AO34: 0 | AP34: 0 | AQ34: 0 | AR34: 0 | AS34: 0 | AT34: 0 | AU34: 0 | AV34: 0 | AW34: 0 | AX34: 0 | AY34: 0 | AZ34: 0 | BA34: 0 | BB34: 0 | BC34: 0
S35: Grand Total | T35: 2 | U35: 6 | V35: 5 | W35: 5 | X35: 7 | Y35: 4 | Z35: 5 | AA35: 6 | AB35: 2 | AC35: 8 | AD35: 2 | AE35: 3 | AF35: 6 | AG35: 9 | AH35: 4 | AI35: 74 | AM35: Grand Total | AN35: 2 | AO35: 6 | AP35: 3 | AQ35: 5 | AR35: 7 | AS35: 1 | AT35: 3 | AU35: 5 | AV35: 2 | AW35: 5 | AX35: 1 | AY35: 3 | AZ35: 5 | BA35: 9 | BB35: 4 | BC35: 61

Sheet T4
C2: =rmsfe_Pivot_T4!B4 -> AG | D2: =rmsfe_Pivot_T4!C4 -> AT | E2: =rmsfe_Pivot_T4!D4 -> AU | F2: =rmsfe_Pivot_T4!E4 -> BR | G2: =rmsfe_Pivot_T4!F4 -> CA | H2: =rmsfe_Pivot_T4!G4 -> CH | I2: =rmsfe_Pivot_T4!H4 -> CN | J2: =rmsfe_Pivot_T4!I4 -> DE | ... Q2: =rmsfe_Pivot_T4!P4 -> US
B3: GDP
B4: =rmsfe_Pivot_T4!A6 -> ZS | C4: =ROUND(rmsfe_Pivot_T4!B6,2)&IF(rmsfe_Pivot_T4!AN6=1,"**",IF(rmsfe_Pivot_T4!T6=1,"*","")) -> 1 | D4: =ROUND(rmsfe_Pivot_T4!C6,2)&IF(rmsfe_Pivot_T4!AO6=1,"**",IF(rmsfe_Pivot_T4!U6=1,"*","")) -> 1 | E4: =ROUND(rmsfe_Pivot_T4!D6,2)&IF(rmsfe_Pivot_T4!AP6=1,"**",IF(rmsfe_Pivot_T4!V6=1,"*","")) -> 1 | F4: =ROUND(rmsfe_Pivot_T4!E6,2)&IF(rmsfe_Pivot_T4!AQ6=1,"**",IF(rmsfe_Pivot_T4!W6=1,"*","")) -> 1 | G4: =ROUND(rmsfe_Pivot_T4!F6,2)&IF(rmsfe_Pivot_T4!AR6=1,"**",IF(rmsfe_Pivot_T4!X6=1,"*","")) -> 1 | H4: =ROUND(rmsfe_Pivot_T4!G6,2)&IF(rmsfe_Pivot_T4!AS6=1,"**",IF(rmsfe_Pivot_T4!Y6=1,"*","")) -> 1 | I4: =ROUND(rmsfe_Pivot_T4!H6,2)&IF(rmsfe_Pivot_T4!AT6=1,"**",IF(rmsfe_Pivot_T4!Z6=1,"*","")) -> 1 | J4: =ROUND(rmsfe_Pivot_T4!I6,2)&IF(rmsfe_Pivot_T4!AU6=1,"**",IF(rmsfe_Pivot_T4!AA6=1,"*","")) -> 1 | ... Q4: =ROUND(rmsfe_Pivot_T4!P6,2)&IF(rmsfe_Pivot_T4!BB6=1,"**",IF(rmsfe_Pivot_T4!AH6=1,"*","")) -> 1
B5: =rmsfe_Pivot_T4!A7 -> ZS\&POOL | C5: =ROUND(rmsfe_Pivot_T4!B7,2)&IF(rmsfe_Pivot_T4!AN7=1,"**",IF(rmsfe_Pivot_T4!T7=1,"*","")) -> 0,99** | D5: =ROUND(rmsfe_Pivot_T4!C7,2)&IF(rmsfe_Pivot_T4!AO7=1,"**",IF(rmsfe_Pivot_T4!U7=1,"*","")) -> 1 | E5: =ROUND(rmsfe_Pivot_T4!D7,2)&IF(rmsfe_Pivot_T4!AP7=1,"**",IF(rmsfe_Pivot_T4!V7=1,"*","")) -> 0,96** | F5: =ROUND(rmsfe_Pivot_T4!E7,2)&IF(rmsfe_Pivot_T4!AQ7=1,"**",IF(rmsfe_Pivot_T4!W7=1,"*","")) -> 0,98 | G5: =ROUND(rmsfe_Pivot_T4!F7,2)&IF(rmsfe_Pivot_T4!AR7=1,"**",IF(rmsfe_Pivot_T4!X7=1,"*","")) -> 0,94** | H5: =ROUND(rmsfe_Pivot_T4!G7,2)&IF(rmsfe_Pivot_T4!AS7=1,"**",IF(rmsfe_Pivot_T4!Y7=1,"*","")) -> 1 | I5: =ROUND(rmsfe_Pivot_T4!H7,2)&IF(rmsfe_Pivot_T4!AT7=1,"**",IF(rmsfe_Pivot_T4!Z7=1,"*","")) -> 1,03 | J5: =ROUND(rmsfe_Pivot_T4!I7,2)&IF(rmsfe_Pivot_T4!AU7=1,"**",IF(rmsfe_Pivot_T4!AA7=1,"*","")) -> 0,97* | ... Q5: =ROUND(rmsfe_Pivot_T4!P7,2)&IF(rmsfe_Pivot_T4!BB7=1,"**",IF(rmsfe_Pivot_T4!AH7=1,"*","")) -> 1 | R5: =rmsfe_Pivot_T4!AI7&"/"&rmsfe_Pivot_T4!BC7 -> 4/3
B6: =rmsfe_Pivot_T4!A8 -> POOL | C6: =ROUND(rmsfe_Pivot_T4!B8,2)&IF(rmsfe_Pivot_T4!AN8=1,"**",IF(rmsfe_Pivot_T4!T8=1,"*","")) -> 0,99** | D6: =ROUND(rmsfe_Pivot_T4!C8,2)&IF(rmsfe_Pivot_T4!AO8=1,"**",IF(rmsfe_Pivot_T4!U8=1,"*","")) -> 1 | E6: =ROUND(rmsfe_Pivot_T4!D8,2)&IF(rmsfe_Pivot_T4!AP8=1,"**",IF(rmsfe_Pivot_T4!V8=1,"*","")) -> 1,03 | F6: =ROUND(rmsfe_Pivot_T4!E8,2)&IF(rmsfe_Pivot_T4!AQ8=1,"**",IF(rmsfe_Pivot_T4!W8=1,"*","")) -> 0,99** | G6: =ROUND(rmsfe_Pivot_T4!F8,2)&IF(rmsfe_Pivot_T4!AR8=1,"**",IF(rmsfe_Pivot_T4!X8=1,"*","")) -> 1,01 | H6: =ROUND(rmsfe_Pivot_T4!G8,2)&IF(rmsfe_Pivot_T4!AS8=1,"**",IF(rmsfe_Pivot_T4!Y8=1,"*","")) -> 1,02 | I6: =ROUND(rmsfe_Pivot_T4!H8,2)&IF(rmsfe_Pivot_T4!AT8=1,"**",IF(rmsfe_Pivot_T4!Z8=1,"*","")) -> 1,01 | J6: =ROUND(rmsfe_Pivot_T4!I8,2)&IF(rmsfe_Pivot_T4!AU8=1,"**",IF(rmsfe_Pivot_T4!AA8=1,"*","")) -> 0,99 | ... Q6: =ROUND(rmsfe_Pivot_T4!P8,2)&IF(rmsfe_Pivot_T4!BB8=1,"**",IF(rmsfe_Pivot_T4!AH8=1,"*","")) -> 1 | R6: =rmsfe_Pivot_T4!AI8&"/"&rmsfe_Pivot_T4!BC8 -> 4/2
B7: =rmsfe_Pivot_T4!A9 -> ZSGL | C7: =ROUND(rmsfe_Pivot_T4!B9,2)&IF(rmsfe_Pivot_T4!AN9=1,"**",IF(rmsfe_Pivot_T4!T9=1,"*","")) -> 0,99 | D7: =ROUND(rmsfe_Pivot_T4!C9,2)&IF(rmsfe_Pivot_T4!AO9=1,"**",IF(rmsfe_Pivot_T4!U9=1,"*","")) -> 1 | E7: =ROUND(rmsfe_Pivot_T4!D9,2)&IF(rmsfe_Pivot_T4!AP9=1,"**",IF(rmsfe_Pivot_T4!V9=1,"*","")) -> 1,01 | F7: =ROUND(rmsfe_Pivot_T4!E9,2)&IF(rmsfe_Pivot_T4!AQ9=1,"**",IF(rmsfe_Pivot_T4!W9=1,"*","")) -> 1 | G7: =ROUND(rmsfe_Pivot_T4!F9,2)&IF(rmsfe_Pivot_T4!AR9=1,"**",IF(rmsfe_Pivot_T4!X9=1,"*","")) -> 1,03 | H7: =ROUND(rmsfe_Pivot_T4!G9,2)&IF(rmsfe_Pivot_T4!AS9=1,"**",IF(rmsfe_Pivot_T4!Y9=1,"*","")) -> 1 | I7: =ROUND(rmsfe_Pivot_T4!H9,2)&IF(rmsfe_Pivot_T4!AT9=1,"**",IF(rmsfe_Pivot_T4!Z9=1,"*","")) -> 1 | J7: =ROUND(rmsfe_Pivot_T4!I9,2)&IF(rmsfe_Pivot_T4!AU9=1,"**",IF(rmsfe_Pivot_T4!AA9=1,"*","")) -> 0,98 | ... Q7: =ROUND(rmsfe_Pivot_T4!P9,2)&IF(rmsfe_Pivot_T4!BB9=1,"**",IF(rmsfe_Pivot_T4!AH9=1,"*","")) -> 1** | R7: =rmsfe_Pivot_T4!AI9&"/"&rmsfe_Pivot_T4!BC9 -> 2/2
B8: =rmsfe_Pivot_T4!A10 -> J | C8: =ROUND(rmsfe_Pivot_T4!B10,2)&IF(rmsfe_Pivot_T4!AN10=1,"**",IF(rmsfe_Pivot_T4!T10=1,"*","")) -> 0,97 | D8: =ROUND(rmsfe_Pivot_T4!C10,2)&IF(rmsfe_Pivot_T4!AO10=1,"**",IF(rmsfe_Pivot_T4!U10=1,"*","")) -> 0,99 | E8: =ROUND(rmsfe_Pivot_T4!D10,2)&IF(rmsfe_Pivot_T4!AP10=1,"**",IF(rmsfe_Pivot_T4!V10=1,"*","")) -> 0,93** | F8: =ROUND(rmsfe_Pivot_T4!E10,2)&IF(rmsfe_Pivot_T4!AQ10=1,"**",IF(rmsfe_Pivot_T4!W10=1,"*","")) -> 1,02 | G8: =ROUND(rmsfe_Pivot_T4!F10,2)&IF(rmsfe_Pivot_T4!AR10=1,"**",IF(rmsfe_Pivot_T4!X10=1,"*","")) -> 0,92** | H8: =ROUND(rmsfe_Pivot_T4!G10,2)&IF(rmsfe_Pivot_T4!AS10=1,"**",IF(rmsfe_Pivot_T4!Y10=1,"*","")) -> 1 | I8: =ROUND(rmsfe_Pivot_T4!H10,2)&IF(rmsfe_Pivot_T4!AT10=1,"**",IF(rmsfe_Pivot_T4!Z10=1,"*","")) -> 1,13 | J8: =ROUND(rmsfe_Pivot_T4!I10,2)&IF(rmsfe_Pivot_T4!AU10=1,"**",IF(rmsfe_Pivot_T4!AA10=1,"*","")) -> 0,97* | ... Q8: =ROUND(rmsfe_Pivot_T4!P10,2)&IF(rmsfe_Pivot_T4!BB10=1,"**",IF(rmsfe_Pivot_T4!AH10=1,"*","")) -> 1 | R8: =rmsfe_Pivot_T4!AI10&"/"&rmsfe_Pivot_T4!BC10 -> 4/3 | T8: =B8&"&"&C8&"&"&D8&"&"&E8&"&"&F8&"&"&G8&"&"&H8&"&"&I8&"&"&J8&"&"&K8&"&"&L8&"&"&M8&"&"&N8&"&"&O8&"&"&P8&"&"&Q8&"&"&R8&"\\" -> J&0,97&0,99&0,93**&1,02&0,92**&1&1,13&0,97*&0,99&0,99&1,04&0,98**&0,97&0,99&1&4/3\\
B9: =rmsfe_Pivot_T4!A11 -> BFCS | C9: =ROUND(rmsfe_Pivot_T4!B11,2)&IF(rmsfe_Pivot_T4!AN11=1,"**",IF(rmsfe_Pivot_T4!T11=1,"*","")) -> 0,99 | D9: =ROUND(rmsfe_Pivot_T4!C11,2)&IF(rmsfe_Pivot_T4!AO11=1,"**",IF(rmsfe_Pivot_T4!U11=1,"*","")) -> 0,99 | E9: =ROUND(rmsfe_Pivot_T4!D11,2)&IF(rmsfe_Pivot_T4!AP11=1,"**",IF(rmsfe_Pivot_T4!V11=1,"*","")) -> 0,94* | F9: =ROUND(rmsfe_Pivot_T4!E11,2)&IF(rmsfe_Pivot_T4!AQ11=1,"**",IF(rmsfe_Pivot_T4!W11=1,"*","")) -> 0,98 | G9: =ROUND(rmsfe_Pivot_T4!F11,2)&IF(rmsfe_Pivot_T4!AR11=1,"**",IF(rmsfe_Pivot_T4!X11=1,"*","")) -> 0,88** | H9: =ROUND(rmsfe_Pivot_T4!G11,2)&IF(rmsfe_Pivot_T4!AS11=1,"**",IF(rmsfe_Pivot_T4!Y11=1,"*","")) -> 1,02 | I9: =ROUND(rmsfe_Pivot_T4!H11,2)&IF(rmsfe_Pivot_T4!AT11=1,"**",IF(rmsfe_Pivot_T4!Z11=1,"*","")) -> 1,09 | J9: =ROUND(rmsfe_Pivot_T4!I11,2)&IF(rmsfe_Pivot_T4!AU11=1,"**",IF(rmsfe_Pivot_T4!AA11=1,"*","")) -> 0,96* | ... Q9: =ROUND(rmsfe_Pivot_T4!P11,2)&IF(rmsfe_Pivot_T4!BB11=1,"**",IF(rmsfe_Pivot_T4!AH11=1,"*","")) -> 0,98 | R9: =rmsfe_Pivot_T4!AI11&"/"&rmsfe_Pivot_T4!BC11 -> 5/3
B10: =rmsfe_Pivot_T4!A12 -> SSSS | C10: =ROUND(rmsfe_Pivot_T4!B12,2)&IF(rmsfe_Pivot_T4!AN12=1,"**",IF(rmsfe_Pivot_T4!T12=1,"*","")) -> 1,15 | D10: =ROUND(rmsfe_Pivot_T4!C12,2)&IF(rmsfe_Pivot_T4!AO12=1,"**",IF(rmsfe_Pivot_T4!U12=1,"*","")) -> 1,05 | E10: =ROUND(rmsfe_Pivot_T4!D12,2)&IF(rmsfe_Pivot_T4!AP12=1,"**",IF(rmsfe_Pivot_T4!V12=1,"*","")) -> 1,17 | F10: =ROUND(rmsfe_Pivot_T4!E12,2)&IF(rmsfe_Pivot_T4!AQ12=1,"**",IF(rmsfe_Pivot_T4!W12=1,"*","")) -> 8,35 | G10: =ROUND(rmsfe_Pivot_T4!F12,2)&IF(rmsfe_Pivot_T4!AR12=1,"**",IF(rmsfe_Pivot_T4!X12=1,"*","")) -> 1,08 | H10: =ROUND(rmsfe_Pivot_T4!G12,2)&IF(rmsfe_Pivot_T4!AS12=1,"**",IF(rmsfe_Pivot_T4!Y12=1,"*","")) -> 1,03 | I10: =ROUND(rmsfe_Pivot_T4!H12,2)&IF(rmsfe_Pivot_T4!AT12=1,"**",IF(rmsfe_Pivot_T4!Z12=1,"*","")) -> 1,2 | J10: =ROUND(rmsfe_Pivot_T4!I12,2)&IF(rmsfe_Pivot_T4!AU12=1,"**",IF(rmsfe_Pivot_T4!AA12=1,"*","")) -> 0,96 | ... Q10: =ROUND(rmsfe_Pivot_T4!P12,2)&IF(rmsfe_Pivot_T4!BB12=1,"**",IF(rmsfe_Pivot_T4!AH12=1,"*","")) -> 1,03 | R10: =rmsfe_Pivot_T4!AI12&"/"&rmsfe_Pivot_T4!BC12 -> 0/0
B11: =rmsfe_Pivot_T4!A13 -> BMS | C11: =ROUND(rmsfe_Pivot_T4!B13,2)&IF(rmsfe_Pivot_T4!AN13=1,"**",IF(rmsfe_Pivot_T4!T13=1,"*","")) -> 1,09 | D11: =ROUND(rmsfe_Pivot_T4!C13,2)&IF(rmsfe_Pivot_T4!AO13=1,"**",IF(rmsfe_Pivot_T4!U13=1,"*","")) -> 0,97 | E11: =ROUND(rmsfe_Pivot_T4!D13,2)&IF(rmsfe_Pivot_T4!AP13=1,"**",IF(rmsfe_Pivot_T4!V13=1,"*","")) -> 1,24 | F11: =ROUND(rmsfe_Pivot_T4!E13,2)&IF(rmsfe_Pivot_T4!AQ13=1,"**",IF(rmsfe_Pivot_T4!W13=1,"*","")) -> 1,13 | G11: =ROUND(rmsfe_Pivot_T4!F13,2)&IF(rmsfe_Pivot_T4!AR13=1,"**",IF(rmsfe_Pivot_T4!X13=1,"*","")) -> 1,05 | H11: =ROUND(rmsfe_Pivot_T4!G13,2)&IF(rmsfe_Pivot_T4!AS13=1,"**",IF(rmsfe_Pivot_T4!Y13=1,"*","")) -> 1,08 | I11: =ROUND(rmsfe_Pivot_T4!H13,2)&IF(rmsfe_Pivot_T4!AT13=1,"**",IF(rmsfe_Pivot_T4!Z13=1,"*","")) -> 1,13 | J11: =ROUND(rmsfe_Pivot_T4!I13,2)&IF(rmsfe_Pivot_T4!AU13=1,"**",IF(rmsfe_Pivot_T4!AA13=1,"*","")) -> 0,97* | ... Q11: =ROUND(rmsfe_Pivot_T4!P13,2)&IF(rmsfe_Pivot_T4!BB13=1,"**",IF(rmsfe_Pivot_T4!AH13=1,"*","")) -> 1,05 | R11: =rmsfe_Pivot_T4!AI13&"/"&rmsfe_Pivot_T4!BC13 -> 1/0
B12: =rmsfe_Pivot_T4!A14 -> CC | C12: =ROUND(rmsfe_Pivot_T4!B14,2)&IF(rmsfe_Pivot_T4!AN14=1,"**",IF(rmsfe_Pivot_T4!T14=1,"*","")) -> 1,45 | D12: =ROUND(rmsfe_Pivot_T4!C14,2)&IF(rmsfe_Pivot_T4!AO14=1,"**",IF(rmsfe_Pivot_T4!U14=1,"*","")) -> 1,67 | E12: =ROUND(rmsfe_Pivot_T4!D14,2)&IF(rmsfe_Pivot_T4!AP14=1,"**",IF(rmsfe_Pivot_T4!V14=1,"*","")) -> 2,94 | F12: =ROUND(rmsfe_Pivot_T4!E14,2)&IF(rmsfe_Pivot_T4!AQ14=1,"**",IF(rmsfe_Pivot_T4!W14=1,"*","")) -> 2,11 | G12: =ROUND(rmsfe_Pivot_T4!F14,2)&IF(rmsfe_Pivot_T4!AR14=1,"**",IF(rmsfe_Pivot_T4!X14=1,"*","")) -> 2,67 | H12: =ROUND(rmsfe_Pivot_T4!G14,2)&IF(rmsfe_Pivot_T4!AS14=1,"**",IF(rmsfe_Pivot_T4!Y14=1,"*","")) -> 1,92 | I12: =ROUND(rmsfe_Pivot_T4!H14,2)&IF(rmsfe_Pivot_T4!AT14=1,"**",IF(rmsfe_Pivot_T4!Z14=1,"*","")) -> 1,82 | J12: =ROUND(rmsfe_Pivot_T4!I14,2)&IF(rmsfe_Pivot_T4!AU14=1,"**",IF(rmsfe_Pivot_T4!AA14=1,"*","")) -> 2,01 | ... Q12: =ROUND(rmsfe_Pivot_T4!P14,2)&IF(rmsfe_Pivot_T4!BB14=1,"**",IF(rmsfe_Pivot_T4!AH14=1,"*","")) -> 2,69 | R12: =rmsfe_Pivot_T4!AI14&"/"&rmsfe_Pivot_T4!BC14 -> 0/0
B13: Inflation
B14: =rmsfe_Pivot_T4!A16 -> ZS | C14: =ROUND(rmsfe_Pivot_T4!B16,2)&IF(rmsfe_Pivot_T4!AN16=1,"**",IF(rmsfe_Pivot_T4!T16=1,"*","")) -> 1 | D14: =ROUND(rmsfe_Pivot_T4!C16,2)&IF(rmsfe_Pivot_T4!AO16=1,"**",IF(rmsfe_Pivot_T4!U16=1,"*","")) -> 1 | E14: =ROUND(rmsfe_Pivot_T4!D16,2)&IF(rmsfe_Pivot_T4!AP16=1,"**",IF(rmsfe_Pivot_T4!V16=1,"*","")) -> 1 | F14: =ROUND(rmsfe_Pivot_T4!E16,2)&IF(rmsfe_Pivot_T4!AQ16=1,"**",IF(rmsfe_Pivot_T4!W16=1,"*","")) -> 1 | G14: =ROUND(rmsfe_Pivot_T4!F16,2)&IF(rmsfe_Pivot_T4!AR16=1,"**",IF(rmsfe_Pivot_T4!X16=1,"*","")) -> 1 | H14: =ROUND(rmsfe_Pivot_T4!G16,2)&IF(rmsfe_Pivot_T4!AS16=1,"**",IF(rmsfe_Pivot_T4!Y16=1,"*","")) -> 1 | I14: =ROUND(rmsfe_Pivot_T4!H16,2)&IF(rmsfe_Pivot_T4!AT16=1,"**",IF(rmsfe_Pivot_T4!Z16=1,"*","")) -> 1 | J14: =ROUND(rmsfe_Pivot_T4!I16,2)&IF(rmsfe_Pivot_T4!AU16=1,"**",IF(rmsfe_Pivot_T4!AA16=1,"*","")) -> 1 | ... Q14: =ROUND(rmsfe_Pivot_T4!P16,2)&IF(rmsfe_Pivot_T4!BB16=1,"**",IF(rmsfe_Pivot_T4!AH16=1,"*","")) -> 1 | R14: =rmsfe_Pivot_T4!AI16&"/"&rmsfe_Pivot_T4!BC16 -> 0/0
B15: =rmsfe_Pivot_T4!A17 -> ZS\&POOL | C15: =ROUND(rmsfe_Pivot_T4!B17,2)&IF(rmsfe_Pivot_T4!AN17=1,"**",IF(rmsfe_Pivot_T4!T17=1,"*","")) -> 1,03 | D15: =ROUND(rmsfe_Pivot_T4!C17,2)&IF(rmsfe_Pivot_T4!AO17=1,"**",IF(rmsfe_Pivot_T4!U17=1,"*","")) -> 0,99 | E15: =ROUND(rmsfe_Pivot_T4!D17,2)&IF(rmsfe_Pivot_T4!AP17=1,"**",IF(rmsfe_Pivot_T4!V17=1,"*","")) -> 1,04 | F15: =ROUND(rmsfe_Pivot_T4!E17,2)&IF(rmsfe_Pivot_T4!AQ17=1,"**",IF(rmsfe_Pivot_T4!W17=1,"*","")) -> 1,01 | G15: =ROUND(rmsfe_Pivot_T4!F17,2)&IF(rmsfe_Pivot_T4!AR17=1,"**",IF(rmsfe_Pivot_T4!X17=1,"*","")) -> 0,99 | H15: =ROUND(rmsfe_Pivot_T4!G17,2)&IF(rmsfe_Pivot_T4!AS17=1,"**",IF(rmsfe_Pivot_T4!Y17=1,"*","")) -> 1,01 | I15: =ROUND(rmsfe_Pivot_T4!H17,2)&IF(rmsfe_Pivot_T4!AT17=1,"**",IF(rmsfe_Pivot_T4!Z17=1,"*","")) -> 0,97 | J15: =ROUND(rmsfe_Pivot_T4!I17,2)&IF(rmsfe_Pivot_T4!AU17=1,"**",IF(rmsfe_Pivot_T4!AA17=1,"*","")) -> 1 | ... Q15: =ROUND(rmsfe_Pivot_T4!P17,2)&IF(rmsfe_Pivot_T4!BB17=1,"**",IF(rmsfe_Pivot_T4!AH17=1,"*","")) -> 1 | R15: =rmsfe_Pivot_T4!AI17&"/"&rmsfe_Pivot_T4!BC17 -> 5/5
B16: =rmsfe_Pivot_T4!A18 -> POOL | C16: =ROUND(rmsfe_Pivot_T4!B18,2)&IF(rmsfe_Pivot_T4!AN18=1,"**",IF(rmsfe_Pivot_T4!T18=1,"*","")) -> 0,78* | D16: =ROUND(rmsfe_Pivot_T4!C18,2)&IF(rmsfe_Pivot_T4!AO18=1,"**",IF(rmsfe_Pivot_T4!U18=1,"*","")) -> 1,02 | E16: =ROUND(rmsfe_Pivot_T4!D18,2)&IF(rmsfe_Pivot_T4!AP18=1,"**",IF(rmsfe_Pivot_T4!V18=1,"*","")) -> 1,05 | F16: =ROUND(rmsfe_Pivot_T4!E18,2)&IF(rmsfe_Pivot_T4!AQ18=1,"**",IF(rmsfe_Pivot_T4!W18=1,"*","")) -> 0,9** | G16: =ROUND(rmsfe_Pivot_T4!F18,2)&IF(rmsfe_Pivot_T4!AR18=1,"**",IF(rmsfe_Pivot_T4!X18=1,"*","")) -> 1,05 | H16: =ROUND(rmsfe_Pivot_T4!G18,2)&IF(rmsfe_Pivot_T4!AS18=1,"**",IF(rmsfe_Pivot_T4!Y18=1,"*","")) -> 1,04 | I16: =ROUND(rmsfe_Pivot_T4!H18,2)&IF(rmsfe_Pivot_T4!AT18=1,"**",IF(rmsfe_Pivot_T4!Z18=1,"*","")) -> 1,05 | J16: =ROUND(rmsfe_Pivot_T4!I18,2)&IF(rmsfe_Pivot_T4!AU18=1,"**",IF(rmsfe_Pivot_T4!AA18=1,"*","")) -> 1,05 | ... Q16: =ROUND(rmsfe_Pivot_T4!P18,2)&IF(rmsfe_Pivot_T4!BB18=1,"**",IF(rmsfe_Pivot_T4!AH18=1,"*","")) -> 1,01 | R16: =rmsfe_Pivot_T4!AI18&"/"&rmsfe_Pivot_T4!BC18 -> 3/2
B17: =rmsfe_Pivot_T4!A19 -> ZSGL | C17: =ROUND(rmsfe_Pivot_T4!B19,2)&IF(rmsfe_Pivot_T4!AN19=1,"**",IF(rmsfe_Pivot_T4!T19=1,"*","")) -> 0,92* | D17: =ROUND(rmsfe_Pivot_T4!C19,2)&IF(rmsfe_Pivot_T4!AO19=1,"**",IF(rmsfe_Pivot_T4!U19=1,"*","")) -> 0,98 | E17: =ROUND(rmsfe_Pivot_T4!D19,2)&IF(rmsfe_Pivot_T4!AP19=1,"**",IF(rmsfe_Pivot_T4!V19=1,"*","")) -> 0,98 | F17: =ROUND(rmsfe_Pivot_T4!E19,2)&IF(rmsfe_Pivot_T4!AQ19=1,"**",IF(rmsfe_Pivot_T4!W19=1,"*","")) -> 1,06 | G17: =ROUND(rmsfe_Pivot_T4!F19,2)&IF(rmsfe_Pivot_T4!AR19=1,"**",IF(rmsfe_Pivot_T4!X19=1,"*","")) -> 1 | H17: =ROUND(rmsfe_Pivot_T4!G19,2)&IF(rmsfe_Pivot_T4!AS19=1,"**",IF(rmsfe_Pivot_T4!Y19=1,"*","")) -> 1 | I17: =ROUND(rmsfe_Pivot_T4!H19,2)&IF(rmsfe_Pivot_T4!AT19=1,"**",IF(rmsfe_Pivot_T4!Z19=1,"*","")) -> 1,01 | J17: =ROUND(rmsfe_Pivot_T4!I19,2)&IF(rmsfe_Pivot_T4!AU19=1,"**",IF(rmsfe_Pivot_T4!AA19=1,"*","")) -> 1,02 | ... Q17: =ROUND(rmsfe_Pivot_T4!P19,2)&IF(rmsfe_Pivot_T4!BB19=1,"**",IF(rmsfe_Pivot_T4!AH19=1,"*","")) -> 1 | R17: =rmsfe_Pivot_T4!AI19&"/"&rmsfe_Pivot_T4!BC19 -> 2/1
B18: =rmsfe_Pivot_T4!A20 -> J | C18: =ROUND(rmsfe_Pivot_T4!B20,2)&IF(rmsfe_Pivot_T4!AN20=1,"**",IF(rmsfe_Pivot_T4!T20=1,"*","")) -> 0,56** | D18: =ROUND(rmsfe_Pivot_T4!C20,2)&IF(rmsfe_Pivot_T4!AO20=1,"**",IF(rmsfe_Pivot_T4!U20=1,"*","")) -> 1,36 | E18: =ROUND(rmsfe_Pivot_T4!D20,2)&IF(rmsfe_Pivot_T4!AP20=1,"**",IF(rmsfe_Pivot_T4!V20=1,"*","")) -> 1,05 | F18: =ROUND(rmsfe_Pivot_T4!E20,2)&IF(rmsfe_Pivot_T4!AQ20=1,"**",IF(rmsfe_Pivot_T4!W20=1,"*","")) -> 0,27** | G18: =ROUND(rmsfe_Pivot_T4!F20,2)&IF(rmsfe_Pivot_T4!AR20=1,"**",IF(rmsfe_Pivot_T4!X20=1,"*","")) -> 1,15 | H18: =ROUND(rmsfe_Pivot_T4!G20,2)&IF(rmsfe_Pivot_T4!AS20=1,"**",IF(rmsfe_Pivot_T4!Y20=1,"*","")) -> 1,06 | I18: =ROUND(rmsfe_Pivot_T4!H20,2)&IF(rmsfe_Pivot_T4!AT20=1,"**",IF(rmsfe_Pivot_T4!Z20=1,"*","")) -> 1,02 | J18: =ROUND(rmsfe_Pivot_T4!I20,2)&IF(rmsfe_Pivot_T4!AU20=1,"**",IF(rmsfe_Pivot_T4!AA20=1,"*","")) -> 1,3 | ... Q18: =ROUND(rmsfe_Pivot_T4!P20,2)&IF(rmsfe_Pivot_T4!BB20=1,"**",IF(rmsfe_Pivot_T4!AH20=1,"*","")) -> 1,11 | R18: =rmsfe_Pivot_T4!AI20&"/"&rmsfe_Pivot_T4!BC20 -> 4/3 | T18: =B18&"&"&C18&"&"&D18&"&"&E18&"&"&F18&"&"&G18&"&"&H18&"&"&I18&"&"&J18&"&"&K18&"&"&L18&"&"&M18&"&"&N18&"&"&O18&"&"&P18&"&"&Q18&"&"&R18&"\\" -> J&0,56**&1,36&1,05&0,27**&1,15&1,06&1,02&1,3&1,16&1,11&0,85*&0,99&1,16&0,64**&1,11&4/3\\
B19: =rmsfe_Pivot_T4!A21 -> BFCS | C19: =ROUND(rmsfe_Pivot_T4!B21,2)&IF(rmsfe_Pivot_T4!AN21=1,"**",IF(rmsfe_Pivot_T4!T21=1,"*","")) -> 1,96 | D19: =ROUND(rmsfe_Pivot_T4!C21,2)&IF(rmsfe_Pivot_T4!AO21=1,"**",IF(rmsfe_Pivot_T4!U21=1,"*","")) -> 1,09 | E19: =ROUND(rmsfe_Pivot_T4!D21,2)&IF(rmsfe_Pivot_T4!AP21=1,"**",IF(rmsfe_Pivot_T4!V21=1,"*","")) -> 1,42 | F19: =ROUND(rmsfe_Pivot_T4!E21,2)&IF(rmsfe_Pivot_T4!AQ21=1,"**",IF(rmsfe_Pivot_T4!W21=1,"*","")) -> 2,46 | G19: =ROUND(rmsfe_Pivot_T4!F21,2)&IF(rmsfe_Pivot_T4!AR21=1,"**",IF(rmsfe_Pivot_T4!X21=1,"*","")) -> 1,22 | H19: =ROUND(rmsfe_Pivot_T4!G21,2)&IF(rmsfe_Pivot_T4!AS21=1,"**",IF(rmsfe_Pivot_T4!Y21=1,"*","")) -> 1,33 | I19: =ROUND(rmsfe_Pivot_T4!H21,2)&IF(rmsfe_Pivot_T4!AT21=1,"**",IF(rmsfe_Pivot_T4!Z21=1,"*","")) -> 1,15 | J19: =ROUND(rmsfe_Pivot_T4!I21,2)&IF(rmsfe_Pivot_T4!AU21=1,"**",IF(rmsfe_Pivot_T4!AA21=1,"*","")) -> 1,1 | ... Q19: =ROUND(rmsfe_Pivot_T4!P21,2)&IF(rmsfe_Pivot_T4!BB21=1,"**",IF(rmsfe_Pivot_T4!AH21=1,"*","")) -> 1,12 | R19: =rmsfe_Pivot_T4!AI21&"/"&rmsfe_Pivot_T4!BC21 -> 1/1
B20: =rmsfe_Pivot_T4!A22 -> SSSS | C20: =ROUND(rmsfe_Pivot_T4!B22,2)&IF(rmsfe_Pivot_T4!AN22=1,"**",IF(rmsfe_Pivot_T4!T22=1,"*","")) -> 1,97 | D20: =ROUND(rmsfe_Pivot_T4!C22,2)&IF(rmsfe_Pivot_T4!AO22=1,"**",IF(rmsfe_Pivot_T4!U22=1,"*","")) -> 1,16 | E20: =ROUND(rmsfe_Pivot_T4!D22,2)&IF(rmsfe_Pivot_T4!AP22=1,"**",IF(rmsfe_Pivot_T4!V22=1,"*","")) -> 1,08 | F20: =ROUND(rmsfe_Pivot_T4!E22,2)&IF(rmsfe_Pivot_T4!AQ22=1,"**",IF(rmsfe_Pivot_T4!W22=1,"*","")) -> 1,05 | G20: =ROUND(rmsfe_Pivot_T4!F22,2)&IF(rmsfe_Pivot_T4!AR22=1,"**",IF(rmsfe_Pivot_T4!X22=1,"*","")) -> 1,01 | H20: =ROUND(rmsfe_Pivot_T4!G22,2)&IF(rmsfe_Pivot_T4!AS22=1,"**",IF(rmsfe_Pivot_T4!Y22=1,"*","")) -> 0,96 | I20: =ROUND(rmsfe_Pivot_T4!H22,2)&IF(rmsfe_Pivot_T4!AT22=1,"**",IF(rmsfe_Pivot_T4!Z22=1,"*","")) -> 0,99 | J20: =ROUND(rmsfe_Pivot_T4!I22,2)&IF(rmsfe_Pivot_T4!AU22=1,"**",IF(rmsfe_Pivot_T4!AA22=1,"*","")) -> 1,19 | ... Q20: =ROUND(rmsfe_Pivot_T4!P22,2)&IF(rmsfe_Pivot_T4!BB22=1,"**",IF(rmsfe_Pivot_T4!AH22=1,"*","")) -> 1 | R20: =rmsfe_Pivot_T4!AI22&"/"&rmsfe_Pivot_T4!BC22 -> 0/0
B21: =rmsfe_Pivot_T4!A23 -> BMS | C21: =ROUND(rmsfe_Pivot_T4!B23,2)&IF(rmsfe_Pivot_T4!AN23=1,"**",IF(rmsfe_Pivot_T4!T23=1,"*","")) -> 1,4 | D21: =ROUND(rmsfe_Pivot_T4!C23,2)&IF(rmsfe_Pivot_T4!AO23=1,"**",IF(rmsfe_Pivot_T4!U23=1,"*","")) -> 0,94 | E21: =ROUND(rmsfe_Pivot_T4!D23,2)&IF(rmsfe_Pivot_T4!AP23=1,"**",IF(rmsfe_Pivot_T4!V23=1,"*","")) -> 1,15 | F21: =ROUND(rmsfe_Pivot_T4!E23,2)&IF(rmsfe_Pivot_T4!AQ23=1,"**",IF(rmsfe_Pivot_T4!W23=1,"*","")) -> 2 | G21: =ROUND(rmsfe_Pivot_T4!F23,2)&IF(rmsfe_Pivot_T4!AR23=1,"**",IF(rmsfe_Pivot_T4!X23=1,"*","")) -> 0,97 | H21: =ROUND(rmsfe_Pivot_T4!G23,2)&IF(rmsfe_Pivot_T4!AS23=1,"**",IF(rmsfe_Pivot_T4!Y23=1,"*","")) -> 0,95 | I21: =ROUND(rmsfe_Pivot_T4!H23,2)&IF(rmsfe_Pivot_T4!AT23=1,"**",IF(rmsfe_Pivot_T4!Z23=1,"*","")) -> 1,3 | J21: =ROUND(rmsfe_Pivot_T4!I23,2)&IF(rmsfe_Pivot_T4!AU23=1,"**",IF(rmsfe_Pivot_T4!AA23=1,"*","")) -> 0,96 | ... Q21: =ROUND(rmsfe_Pivot_T4!P23,2)&IF(rmsfe_Pivot_T4!BB23=1,"**",IF(rmsfe_Pivot_T4!AH23=1,"*","")) -> 1,07 | R21: =rmsfe_Pivot_T4!AI23&"/"&rmsfe_Pivot_T4!BC23 -> 0/0
B22: =rmsfe_Pivot_T4!A24 -> CC | C22: =ROUND(rmsfe_Pivot_T4!B24,2)&IF(rmsfe_Pivot_T4!AN24=1,"**",IF(rmsfe_Pivot_T4!T24=1,"*","")) -> 1,98 | D22: =ROUND(rmsfe_Pivot_T4!C24,2)&IF(rmsfe_Pivot_T4!AO24=1,"**",IF(rmsfe_Pivot_T4!U24=1,"*","")) -> 1,18 | E22: =ROUND(rmsfe_Pivot_T4!D24,2)&IF(rmsfe_Pivot_T4!AP24=1,"**",IF(rmsfe_Pivot_T4!V24=1,"*","")) -> 1,14 | F22: =ROUND(rmsfe_Pivot_T4!E24,2)&IF(rmsfe_Pivot_T4!AQ24=1,"**",IF(rmsfe_Pivot_T4!W24=1,"*","")) -> 2,48 | G22: =ROUND(rmsfe_Pivot_T4!F24,2)&IF(rmsfe_Pivot_T4!AR24=1,"**",IF(rmsfe_Pivot_T4!X24=1,"*","")) -> 1,13 | H22: =ROUND(rmsfe_Pivot_T4!G24,2)&IF(rmsfe_Pivot_T4!AS24=1,"**",IF(rmsfe_Pivot_T4!Y24=1,"*","")) -> 1,21 | I22: =ROUND(rmsfe_Pivot_T4!H24,2)&IF(rmsfe_Pivot_T4!AT24=1,"**",IF(rmsfe_Pivot_T4!Z24=1,"*","")) -> 1,11 | J22: =ROUND(rmsfe_Pivot_T4!I24,2)&IF(rmsfe_Pivot_T4!AU24=1,"**",IF(rmsfe_Pivot_T4!AA24=1,"*","")) -> 1,24 | ... Q22: =ROUND(rmsfe_Pivot_T4!P24,2)&IF(rmsfe_Pivot_T4!BB24=1,"**",IF(rmsfe_Pivot_T4!AH24=1,"*","")) -> 1,09 | R22: =rmsfe_Pivot_T4!AI24&"/"&rmsfe_Pivot_T4!BC24 -> 0/0
B23: Interest rate
B24: =rmsfe_Pivot_T4!A26 -> ZS | C24: =ROUND(rmsfe_Pivot_T4!B26,2)&IF(rmsfe_Pivot_T4!AN26=1,"**",IF(rmsfe_Pivot_T4!T26=1,"*","")) -> 1 | D24: =ROUND(rmsfe_Pivot_T4!C26,2)&IF(rmsfe_Pivot_T4!AO26=1,"**",IF(rmsfe_Pivot_T4!U26=1,"*","")) -> 1 | E24: =ROUND(rmsfe_Pivot_T4!D26,2)&IF(rmsfe_Pivot_T4!AP26=1,"**",IF(rmsfe_Pivot_T4!V26=1,"*","")) -> 1 | F24: =ROUND(rmsfe_Pivot_T4!E26,2)&IF(rmsfe_Pivot_T4!AQ26=1,"**",IF(rmsfe_Pivot_T4!W26=1,"*","")) -> 1 | G24: =ROUND(rmsfe_Pivot_T4!F26,2)&IF(rmsfe_Pivot_T4!AR26=1,"**",IF(rmsfe_Pivot_T4!X26=1,"*","")) -> 1 | H24: =ROUND(rmsfe_Pivot_T4!G26,2)&IF(rmsfe_Pivot_T4!AS26=1,"**",IF(rmsfe_Pivot_T4!Y26=1,"*","")) -> 1 | I24: =ROUND(rmsfe_Pivot_T4!H26,2)&IF(rmsfe_Pivot_T4!AT26=1,"**",IF(rmsfe_Pivot_T4!Z26=1,"*","")) -> 1 | J24: =ROUND(rmsfe_Pivot_T4!I26,2)&IF(rmsfe_Pivot_T4!AU26=1,"**",IF(rmsfe_Pivot_T4!AA26=1,"*","")) -> 1 | ... Q24: =ROUND(rmsfe_Pivot_T4!P26,2)&IF(rmsfe_Pivot_T4!BB26=1,"**",IF(rmsfe_Pivot_T4!AH26=1,"*","")) -> 1 | R24: =rmsfe_Pivot_T4!AI26&"/"&rmsfe_Pivot_T4!BC26 -> 0/0
B25: =rmsfe_Pivot_T4!A27 -> ZS\&POOL | C25: =ROUND(rmsfe_Pivot_T4!B27,2)&IF(rmsfe_Pivot_T4!AN27=1,"**",IF(rmsfe_Pivot_T4!T27=1,"*","")) -> 1,1 | D25: =ROUND(rmsfe_Pivot_T4!C27,2)&IF(rmsfe_Pivot_T4!AO27=1,"**",IF(rmsfe_Pivot_T4!U27=1,"*","")) -> 1,04 | E25: =ROUND(rmsfe_Pivot_T4!D27,2)&IF(rmsfe_Pivot_T4!AP27=1,"**",IF(rmsfe_Pivot_T4!V27=1,"*","")) -> 1,03 | F25: =ROUND(rmsfe_Pivot_T4!E27,2)&IF(rmsfe_Pivot_T4!AQ27=1,"**",IF(rmsfe_Pivot_T4!W27=1,"*","")) -> 1,02 | G25: =ROUND(rmsfe_Pivot_T4!F27,2)&IF(rmsfe_Pivot_T4!AR27=1,"**",IF(rmsfe_Pivot_T4!X27=1,"*","")) -> 0,99 | H25: =ROUND(rmsfe_Pivot_T4!G27,2)&IF(rmsfe_Pivot_T4!AS27=1,"**",IF(rmsfe_Pivot_T4!Y27=1,"*","")) -> 0,99 | I25: =ROUND(rmsfe_Pivot_T4!H27,2)&IF(rmsfe_Pivot_T4!AT27=1,"**",IF(rmsfe_Pivot_T4!Z27=1,"*","")) -> 0,91** | J25: =ROUND(rmsfe_Pivot_T4!I27,2)&IF(rmsfe_Pivot_T4!AU27=1,"**",IF(rmsfe_Pivot_T4!AA27=1,"*","")) -> 1,02 | ... Q25: =ROUND(rmsfe_Pivot_T4!P27,2)&IF(rmsfe_Pivot_T4!BB27=1,"**",IF(rmsfe_Pivot_T4!AH27=1,"*","")) -> 0,95** | R25: =rmsfe_Pivot_T4!AI27&"/"&rmsfe_Pivot_T4!BC27 -> 5/5
B26: =rmsfe_Pivot_T4!A28 -> POOL | C26: =ROUND(rmsfe_Pivot_T4!B28,2)&IF(rmsfe_Pivot_T4!AN28=1,"**",IF(rmsfe_Pivot_T4!T28=1,"*","")) -> 0,88 | D26: =ROUND(rmsfe_Pivot_T4!C28,2)&IF(rmsfe_Pivot_T4!AO28=1,"**",IF(rmsfe_Pivot_T4!U28=1,"*","")) -> 0,91** | E26: =ROUND(rmsfe_Pivot_T4!D28,2)&IF(rmsfe_Pivot_T4!AP28=1,"**",IF(rmsfe_Pivot_T4!V28=1,"*","")) -> 1,07 | F26: =ROUND(rmsfe_Pivot_T4!E28,2)&IF(rmsfe_Pivot_T4!AQ28=1,"**",IF(rmsfe_Pivot_T4!W28=1,"*","")) -> 0,88** | G26: =ROUND(rmsfe_Pivot_T4!F28,2)&IF(rmsfe_Pivot_T4!AR28=1,"**",IF(rmsfe_Pivot_T4!X28=1,"*","")) -> 1,07 | H26: =ROUND(rmsfe_Pivot_T4!G28,2)&IF(rmsfe_Pivot_T4!AS28=1,"**",IF(rmsfe_Pivot_T4!Y28=1,"*","")) -> 1,07 | I26: =ROUND(rmsfe_Pivot_T4!H28,2)&IF(rmsfe_Pivot_T4!AT28=1,"**",IF(rmsfe_Pivot_T4!Z28=1,"*","")) -> 0,99 | J26: =ROUND(rmsfe_Pivot_T4!I28,2)&IF(rmsfe_Pivot_T4!AU28=1,"**",IF(rmsfe_Pivot_T4!AA28=1,"*","")) -> 0,95** | ... Q26: =ROUND(rmsfe_Pivot_T4!P28,2)&IF(rmsfe_Pivot_T4!BB28=1,"**",IF(rmsfe_Pivot_T4!AH28=1,"*","")) -> 0,97* | R26: =rmsfe_Pivot_T4!AI28&"/"&rmsfe_Pivot_T4!BC28 -> 7/6
B27: =rmsfe_Pivot_T4!A29 -> ZSGL | C27: =ROUND(rmsfe_Pivot_T4!B29,2)&IF(rmsfe_Pivot_T4!AN29=1,"**",IF(rmsfe_Pivot_T4!T29=1,"*","")) -> 0,97 | D27: =ROUND(rmsfe_Pivot_T4!C29,2)&IF(rmsfe_Pivot_T4!AO29=1,"**",IF(rmsfe_Pivot_T4!U29=1,"*","")) -> 0,93** | E27: =ROUND(rmsfe_Pivot_T4!D29,2)&IF(rmsfe_Pivot_T4!AP29=1,"**",IF(rmsfe_Pivot_T4!V29=1,"*","")) -> 0,99 | F27: =ROUND(rmsfe_Pivot_T4!E29,2)&IF(rmsfe_Pivot_T4!AQ29=1,"**",IF(rmsfe_Pivot_T4!W29=1,"*","")) -> 1,05 | G27: =ROUND(rmsfe_Pivot_T4!F29,2)&IF(rmsfe_Pivot_T4!AR29=1,"**",IF(rmsfe_Pivot_T4!X29=1,"*","")) -> 0,96** | H27: =ROUND(rmsfe_Pivot_T4!G29,2)&IF(rmsfe_Pivot_T4!AS29=1,"**",IF(rmsfe_Pivot_T4!Y29=1,"*","")) -> 1,03 | I27: =ROUND(rmsfe_Pivot_T4!H29,2)&IF(rmsfe_Pivot_T4!AT29=1,"**",IF(rmsfe_Pivot_T4!Z29=1,"*","")) -> 0,97** | J27: =ROUND(rmsfe_Pivot_T4!I29,2)&IF(rmsfe_Pivot_T4!AU29=1,"**",IF(rmsfe_Pivot_T4!AA29=1,"*","")) -> 0,89** | ... Q27: =ROUND(rmsfe_Pivot_T4!P29,2)&IF(rmsfe_Pivot_T4!BB29=1,"**",IF(rmsfe_Pivot_T4!AH29=1,"*","")) -> 1 | R27: =rmsfe_Pivot_T4!AI29&"/"&rmsfe_Pivot_T4!BC29 -> 7/7
B28: =rmsfe_Pivot_T4!A30 -> J | C28: =ROUND(rmsfe_Pivot_T4!B30,2)&IF(rmsfe_Pivot_T4!AN30=1,"**",IF(rmsfe_Pivot_T4!T30=1,"*","")) -> 0,48** | D28: =ROUND(rmsfe_Pivot_T4!C30,2)&IF(rmsfe_Pivot_T4!AO30=1,"**",IF(rmsfe_Pivot_T4!U30=1,"*","")) -> 0,83** | E28: =ROUND(rmsfe_Pivot_T4!D30,2)&IF(rmsfe_Pivot_T4!AP30=1,"**",IF(rmsfe_Pivot_T4!V30=1,"*","")) -> 0,96* | F28: =ROUND(rmsfe_Pivot_T4!E30,2)&IF(rmsfe_Pivot_T4!AQ30=1,"**",IF(rmsfe_Pivot_T4!W30=1,"*","")) -> 0,16** | G28: =ROUND(rmsfe_Pivot_T4!F30,2)&IF(rmsfe_Pivot_T4!AR30=1,"**",IF(rmsfe_Pivot_T4!X30=1,"*","")) -> 0,88** | H28: =ROUND(rmsfe_Pivot_T4!G30,2)&IF(rmsfe_Pivot_T4!AS30=1,"**",IF(rmsfe_Pivot_T4!Y30=1,"*","")) -> 1,02 | I28: =ROUND(rmsfe_Pivot_T4!H30,2)&IF(rmsfe_Pivot_T4!AT30=1,"**",IF(rmsfe_Pivot_T4!Z30=1,"*","")) -> 0,93 | J28: =ROUND(rmsfe_Pivot_T4!I30,2)&IF(rmsfe_Pivot_T4!AU30=1,"**",IF(rmsfe_Pivot_T4!AA30=1,"*","")) -> 0,82** | ... Q28: =ROUND(rmsfe_Pivot_T4!P30,2)&IF(rmsfe_Pivot_T4!BB30=1,"**",IF(rmsfe_Pivot_T4!AH30=1,"*","")) -> 0,81** | R28: =rmsfe_Pivot_T4!AI30&"/"&rmsfe_Pivot_T4!BC30 -> 12/10 | T28: =B28&"&"&C28&"&"&D28&"&"&E28&"&"&F28&"&"&G28&"&"&H28&"&"&I28&"&"&J28&"&"&K28&"&"&L28&"&"&M28&"&"&N28&"&"&O28&"&"&P28&"&"&Q28&"&"&R28&"\\" -> J&0,48**&0,83**&0,96*&0,16**&0,88**&1,02&0,93&0,82**&0,99&0,77**&0,78**&0,89**&0,72*&0,44**&0,81**&12/10\\
B29: =rmsfe_Pivot_T4!A31 -> BFCS | C29: =ROUND(rmsfe_Pivot_T4!B31,2)&IF(rmsfe_Pivot_T4!AN31=1,"**",IF(rmsfe_Pivot_T4!T31=1,"*","")) -> 1,75 | D29: =ROUND(rmsfe_Pivot_T4!C31,2)&IF(rmsfe_Pivot_T4!AO31=1,"**",IF(rmsfe_Pivot_T4!U31=1,"*","")) -> 1,91 | E29: =ROUND(rmsfe_Pivot_T4!D31,2)&IF(rmsfe_Pivot_T4!AP31=1,"**",IF(rmsfe_Pivot_T4!V31=1,"*","")) -> 1,66 | F29: =ROUND(rmsfe_Pivot_T4!E31,2)&IF(rmsfe_Pivot_T4!AQ31=1,"**",IF(rmsfe_Pivot_T4!W31=1,"*","")) -> 2,28 | G29: =ROUND(rmsfe_Pivot_T4!F31,2)&IF(rmsfe_Pivot_T4!AR31=1,"**",IF(rmsfe_Pivot_T4!X31=1,"*","")) -> 2,75 | H29: =ROUND(rmsfe_Pivot_T4!G31,2)&IF(rmsfe_Pivot_T4!AS31=1,"**",IF(rmsfe_Pivot_T4!Y31=1,"*","")) -> 2,38 | I29: =ROUND(rmsfe_Pivot_T4!H31,2)&IF(rmsfe_Pivot_T4!AT31=1,"**",IF(rmsfe_Pivot_T4!Z31=1,"*","")) -> 2,87 | J29: =ROUND(rmsfe_Pivot_T4!I31,2)&IF(rmsfe_Pivot_T4!AU31=1,"**",IF(rmsfe_Pivot_T4!AA31=1,"*","")) -> 1,74 | ... Q29: =ROUND(rmsfe_Pivot_T4!P31,2)&IF(rmsfe_Pivot_T4!BB31=1,"**",IF(rmsfe_Pivot_T4!AH31=1,"*","")) -> 2,08 | R29: =rmsfe_Pivot_T4!AI31&"/"&rmsfe_Pivot_T4!BC31 -> 0/0
B30: =rmsfe_Pivot_T4!A32 -> SSSS | C30: =ROUND(rmsfe_Pivot_T4!B32,2)&IF(rmsfe_Pivot_T4!AN32=1,"**",IF(rmsfe_Pivot_T4!T32=1,"*","")) -> 1,28 | D30: =ROUND(rmsfe_Pivot_T4!C32,2)&IF(rmsfe_Pivot_T4!AO32=1,"**",IF(rmsfe_Pivot_T4!U32=1,"*","")) -> 1,16 | E30: =ROUND(rmsfe_Pivot_T4!D32,2)&IF(rmsfe_Pivot_T4!AP32=1,"**",IF(rmsfe_Pivot_T4!V32=1,"*","")) -> 1,76 | F30: =ROUND(rmsfe_Pivot_T4!E32,2)&IF(rmsfe_Pivot_T4!AQ32=1,"**",IF(rmsfe_Pivot_T4!W32=1,"*","")) -> 2,02 | G30: =ROUND(rmsfe_Pivot_T4!F32,2)&IF(rmsfe_Pivot_T4!AR32=1,"**",IF(rmsfe_Pivot_T4!X32=1,"*","")) -> 1,23 | H30: =ROUND(rmsfe_Pivot_T4!G32,2)&IF(rmsfe_Pivot_T4!AS32=1,"**",IF(rmsfe_Pivot_T4!Y32=1,"*","")) -> 1,12 | I30: =ROUND(rmsfe_Pivot_T4!H32,2)&IF(rmsfe_Pivot_T4!AT32=1,"**",IF(rmsfe_Pivot_T4!Z32=1,"*","")) -> 0,95 | J30: =ROUND(rmsfe_Pivot_T4!I32,2)&IF(rmsfe_Pivot_T4!AU32=1,"**",IF(rmsfe_Pivot_T4!AA32=1,"*","")) -> 1,1 | ... Q30: =ROUND(rmsfe_Pivot_T4!P32,2)&IF(rmsfe_Pivot_T4!BB32=1,"**",IF(rmsfe_Pivot_T4!AH32=1,"*","")) -> 1,13 | R30: =rmsfe_Pivot_T4!AI32&"/"&rmsfe_Pivot_T4!BC32 -> 1/0
B31: =rmsfe_Pivot_T4!A33 -> BMS | C31: =ROUND(rmsfe_Pivot_T4!B33,2)&IF(rmsfe_Pivot_T4!AN33=1,"**",IF(rmsfe_Pivot_T4!T33=1,"*","")) -> 1,35 | D31: =ROUND(rmsfe_Pivot_T4!C33,2)&IF(rmsfe_Pivot_T4!AO33=1,"**",IF(rmsfe_Pivot_T4!U33=1,"*","")) -> 1,38 | E31: =ROUND(rmsfe_Pivot_T4!D33,2)&IF(rmsfe_Pivot_T4!AP33=1,"**",IF(rmsfe_Pivot_T4!V33=1,"*","")) -> 1,29 | F31: =ROUND(rmsfe_Pivot_T4!E33,2)&IF(rmsfe_Pivot_T4!AQ33=1,"**",IF(rmsfe_Pivot_T4!W33=1,"*","")) -> 2,04 | G31: =ROUND(rmsfe_Pivot_T4!F33,2)&IF(rmsfe_Pivot_T4!AR33=1,"**",IF(rmsfe_Pivot_T4!X33=1,"*","")) -> 1,55 | H31: =ROUND(rmsfe_Pivot_T4!G33,2)&IF(rmsfe_Pivot_T4!AS33=1,"**",IF(rmsfe_Pivot_T4!Y33=1,"*","")) -> 1,46 | I31: =ROUND(rmsfe_Pivot_T4!H33,2)&IF(rmsfe_Pivot_T4!AT33=1,"**",IF(rmsfe_Pivot_T4!Z33=1,"*","")) -> 1,67 | J31: =ROUND(rmsfe_Pivot_T4!I33,2)&IF(rmsfe_Pivot_T4!AU33=1,"**",IF(rmsfe_Pivot_T4!AA33=1,"*","")) -> 1,29 | ... Q31: =ROUND(rmsfe_Pivot_T4!P33,2)&IF(rmsfe_Pivot_T4!BB33=1,"**",IF(rmsfe_Pivot_T4!AH33=1,"*","")) -> 1,26 | R31: =rmsfe_Pivot_T4!AI33&"/"&rmsfe_Pivot_T4!BC33 -> 0/0
B32: =rmsfe_Pivot_T4!A34 -> CC | C32: =ROUND(rmsfe_Pivot_T4!B34,2)&IF(rmsfe_Pivot_T4!AN34=1,"**",IF(rmsfe_Pivot_T4!T34=1,"*","")) -> 1,85 | D32: =ROUND(rmsfe_Pivot_T4!C34,2)&IF(rmsfe_Pivot_T4!AO34=1,"**",IF(rmsfe_Pivot_T4!U34=1,"*","")) -> 2,19 | E32: =ROUND(rmsfe_Pivot_T4!D34,2)&IF(rmsfe_Pivot_T4!AP34=1,"**",IF(rmsfe_Pivot_T4!V34=1,"*","")) -> 1,89 | F32: =ROUND(rmsfe_Pivot_T4!E34,2)&IF(rmsfe_Pivot_T4!AQ34=1,"**",IF(rmsfe_Pivot_T4!W34=1,"*","")) -> 2,34 | G32: =ROUND(rmsfe_Pivot_T4!F34,2)&IF(rmsfe_Pivot_T4!AR34=1,"**",IF(rmsfe_Pivot_T4!X34=1,"*","")) -> 2,31 | H32: =ROUND(rmsfe_Pivot_T4!G34,2)&IF(rmsfe_Pivot_T4!AS34=1,"**",IF(rmsfe_Pivot_T4!Y34=1,"*","")) -> 1,68 | I32: =ROUND(rmsfe_Pivot_T4!H34,2)&IF(rmsfe_Pivot_T4!AT34=1,"**",IF(rmsfe_Pivot_T4!Z34=1,"*","")) -> 2,61 | J32: =ROUND(rmsfe_Pivot_T4!I34,2)&IF(rmsfe_Pivot_T4!AU34=1,"**",IF(rmsfe_Pivot_T4!AA34=1,"*","")) -> 2,02 | ... Q32: =ROUND(rmsfe_Pivot_T4!P34,2)&IF(rmsfe_Pivot_T4!BB34=1,"**",IF(rmsfe_Pivot_T4!AH34=1,"*","")) -> 1,8 | R32: =rmsfe_Pivot_T4!AI34&"/"&rmsfe_Pivot_T4!BC34 -> 0/0

Sheet T8
C2: =rmsfe_Pivot_T8!B4 -> AG | D2: =rmsfe_Pivot_T8!C4 -> AT | E2: =rmsfe_Pivot_T8!D4 -> AU | F2: =rmsfe_Pivot_T8!E4 -> BR | G2: =rmsfe_Pivot_T8!F4 -> CA | H2: =rmsfe_Pivot_T8!G4 -> CH | I2: =rmsfe_Pivot_T8!H4 -> CN | J2: =rmsfe_Pivot_T8!I4 -> DE | ... Q2: =rmsfe_Pivot_T8!P4 -> US
B3: GDP
B4: =rmsfe_Pivot_T8!A6 -> ZS | C4: =ROUND(rmsfe_Pivot_T8!B6,2)&IF(rmsfe_Pivot_T8!AN6=1,"**",IF(rmsfe_Pivot_T8!T6=1,"*","")) -> 1 | D4: =ROUND(rmsfe_Pivot_T8!C6,2)&IF(rmsfe_Pivot_T8!AO6=1,"**",IF(rmsfe_Pivot_T8!U6=1,"*","")) -> 1 | E4: =ROUND(rmsfe_Pivot_T8!D6,2)&IF(rmsfe_Pivot_T8!AP6=1,"**",IF(rmsfe_Pivot_T8!V6=1,"*","")) -> 1 | F4: =ROUND(rmsfe_Pivot_T8!E6,2)&IF(rmsfe_Pivot_T8!AQ6=1,"**",IF(rmsfe_Pivot_T8!W6=1,"*","")) -> 1 | G4: =ROUND(rmsfe_Pivot_T8!F6,2)&IF(rmsfe_Pivot_T8!AR6=1,"**",IF(rmsfe_Pivot_T8!X6=1,"*","")) -> 1 | H4: =ROUND(rmsfe_Pivot_T8!G6,2)&IF(rmsfe_Pivot_T8!AS6=1,"**",IF(rmsfe_Pivot_T8!Y6=1,"*","")) -> 1 | I4: =ROUND(rmsfe_Pivot_T8!H6,2)&IF(rmsfe_Pivot_T8!AT6=1,"**",IF(rmsfe_Pivot_T8!Z6=1,"*","")) -> 1 | J4: =ROUND(rmsfe_Pivot_T8!I6,2)&IF(rmsfe_Pivot_T8!AU6=1,"**",IF(rmsfe_Pivot_T8!AA6=1,"*","")) -> 1 | ... Q4: =ROUND(rmsfe_Pivot_T8!P6,2)&IF(rmsfe_Pivot_T8!BB6=1,"**",IF(rmsfe_Pivot_T8!AH6=1,"*","")) -> 1
B5: =rmsfe_Pivot_T8!A7 -> ZS\&POOL | C5: =ROUND(rmsfe_Pivot_T8!B7,2)&IF(rmsfe_Pivot_T8!AN7=1,"**",IF(rmsfe_Pivot_T8!T7=1,"*","")) -> 1 | D5: =ROUND(rmsfe_Pivot_T8!C7,2)&IF(rmsfe_Pivot_T8!AO7=1,"**",IF(rmsfe_Pivot_T8!U7=1,"*","")) -> 1** | E5: =ROUND(rmsfe_Pivot_T8!D7,2)&IF(rmsfe_Pivot_T8!AP7=1,"**",IF(rmsfe_Pivot_T8!V7=1,"*","")) -> 0,98** | F5: =ROUND(rmsfe_Pivot_T8!E7,2)&IF(rmsfe_Pivot_T8!AQ7=1,"**",IF(rmsfe_Pivot_T8!W7=1,"*","")) -> 1 | G5: =ROUND(rmsfe_Pivot_T8!F7,2)&IF(rmsfe_Pivot_T8!AR7=1,"**",IF(rmsfe_Pivot_T8!X7=1,"*","")) -> 0,96** | H5: =ROUND(rmsfe_Pivot_T8!G7,2)&IF(rmsfe_Pivot_T8!AS7=1,"**",IF(rmsfe_Pivot_T8!Y7=1,"*","")) -> 1 | I5: =ROUND(rmsfe_Pivot_T8!H7,2)&IF(rmsfe_Pivot_T8!AT7=1,"**",IF(rmsfe_Pivot_T8!Z7=1,"*","")) -> 0,99 | J5: =ROUND(rmsfe_Pivot_T8!I7,2)&IF(rmsfe_Pivot_T8!AU7=1,"**",IF(rmsfe_Pivot_T8!AA7=1,"*","")) -> 0,99* | ... Q5: =ROUND(rmsfe_Pivot_T8!P7,2)&IF(rmsfe_Pivot_T8!BB7=1,"**",IF(rmsfe_Pivot_T8!AH7=1,"*","")) -> 1,01 | R5: =rmsfe_Pivot_T8!AI7&"/"&rmsfe_Pivot_T8!BC7 -> 4/3
B6: =rmsfe_Pivot_T8!A8 -> POOL | C6: =ROUND(rmsfe_Pivot_T8!B8,2)&IF(rmsfe_Pivot_T8!AN8=1,"**",IF(rmsfe_Pivot_T8!T8=1,"*","")) -> 1 | D6: =ROUND(rmsfe_Pivot_T8!C8,2)&IF(rmsfe_Pivot_T8!AO8=1,"**",IF(rmsfe_Pivot_T8!U8=1,"*","")) -> 1 | E6: =ROUND(rmsfe_Pivot_T8!D8,2)&IF(rmsfe_Pivot_T8!AP8=1,"**",IF(rmsfe_Pivot_T8!V8=1,"*","")) -> 1 | F6: =ROUND(rmsfe_Pivot_T8!E8,2)&IF(rmsfe_Pivot_T8!AQ8=1,"**",IF(rmsfe_Pivot_T8!W8=1,"*","")) -> 1 | G6: =ROUND(rmsfe_Pivot_T8!F8,2)&IF(rmsfe_Pivot_T8!AR8=1,"**",IF(rmsfe_Pivot_T8!X8=1,"*","")) -> 1 | H6: =ROUND(rmsfe_Pivot_T8!G8,2)&IF(rmsfe_Pivot_T8!AS8=1,"**",IF(rmsfe_Pivot_T8!Y8=1,"*","")) -> 1,01 | I6: =ROUND(rmsfe_Pivot_T8!H8,2)&IF(rmsfe_Pivot_T8!AT8=1,"**",IF(rmsfe_Pivot_T8!Z8=1,"*","")) -> 1,03 | J6: =ROUND(rmsfe_Pivot_T8!I8,2)&IF(rmsfe_Pivot_T8!AU8=1,"**",IF(rmsfe_Pivot_T8!AA8=1,"*","")) -> 1 | ... Q6: =ROUND(rmsfe_Pivot_T8!P8,2)&IF(rmsfe_Pivot_T8!BB8=1,"**",IF(rmsfe_Pivot_T8!AH8=1,"*","")) -> 1 | R6: =rmsfe_Pivot_T8!AI8&"/"&rmsfe_Pivot_T8!BC8 -> 0/0
B7: =rmsfe_Pivot_T8!A9 -> ZSGL | C7: =ROUND(rmsfe_Pivot_T8!B9,2)&IF(rmsfe_Pivot_T8!AN9=1,"**",IF(rmsfe_Pivot_T8!T9=1,"*","")) -> 1 | D7: =ROUND(rmsfe_Pivot_T8!C9,2)&IF(rmsfe_Pivot_T8!AO9=1,"**",IF(rmsfe_Pivot_T8!U9=1,"*","")) -> 1 | E7: =ROUND(rmsfe_Pivot_T8!D9,2)&IF(rmsfe_Pivot_T8!AP9=1,"**",IF(rmsfe_Pivot_T8!V9=1,"*","")) -> 1,01 | F7: =ROUND(rmsfe_Pivot_T8!E9,2)&IF(rmsfe_Pivot_T8!AQ9=1,"**",IF(rmsfe_Pivot_T8!W9=1,"*","")) -> 1 | G7: =ROUND(rmsfe_Pivot_T8!F9,2)&IF(rmsfe_Pivot_T8!AR9=1,"**",IF(rmsfe_Pivot_T8!X9=1,"*","")) -> 1,02 | H7: =ROUND(rmsfe_Pivot_T8!G9,2)&IF(rmsfe_Pivot_T8!AS9=1,"**",IF(rmsfe_Pivot_T8!Y9=1,"*","")) -> 1 | I7: =ROUND(rmsfe_Pivot_T8!H9,2)&IF(rmsfe_Pivot_T8!AT9=1,"**",IF(rmsfe_Pivot_T8!Z9=1,"*","")) -> 1,02 | J7: =ROUND(rmsfe_Pivot_T8!I9,2)&IF(rmsfe_Pivot_T8!AU9=1,"**",IF(rmsfe_Pivot_T8!AA9=1,"*","")) -> 0,99 | ... Q7: =ROUND(rmsfe_Pivot_T8!P9,2)&IF(rmsfe_Pivot_T8!BB9=1,"**",IF(rmsfe_Pivot_T8!AH9=1,"*","")) -> 1 | R7: =rmsfe_Pivot_T8!AI9&"/"&rmsfe_Pivot_T8!BC9 -> 1/0
B8: =rmsfe_Pivot_T8!A10 -> J | C8: =ROUND(rmsfe_Pivot_T8!B10,2)&IF(rmsfe_Pivot_T8!AN10=1,"**",IF(rmsfe_Pivot_T8!T10=1,"*","")) -> 0,96 | D8: =ROUND(rmsfe_Pivot_T8!C10,2)&IF(rmsfe_Pivot_T8!AO10=1,"**",IF(rmsfe_Pivot_T8!U10=1,"*","")) -> 1 | E8: =ROUND(rmsfe_Pivot_T8!D10,2)&IF(rmsfe_Pivot_T8!AP10=1,"**",IF(rmsfe_Pivot_T8!V10=1,"*","")) -> 0,96** | F8: =ROUND(rmsfe_Pivot_T8!E10,2)&IF(rmsfe_Pivot_T8!AQ10=1,"**",IF(rmsfe_Pivot_T8!W10=1,"*","")) -> 0,99 | G8: =ROUND(rmsfe_Pivot_T8!F10,2)&IF(rmsfe_Pivot_T8!AR10=1,"**",IF(rmsfe_Pivot_T8!X10=1,"*","")) -> 0,94** | H8: =ROUND(rmsfe_Pivot_T8!G10,2)&IF(rmsfe_Pivot_T8!AS10=1,"**",IF(rmsfe_Pivot_T8!Y10=1,"*","")) -> 0,99 | I8: =ROUND(rmsfe_Pivot_T8!H10,2)&IF(rmsfe_Pivot_T8!AT10=1,"**",IF(rmsfe_Pivot_T8!Z10=1,"*","")) -> 1,04 | J8: =ROUND(rmsfe_Pivot_T8!I10,2)&IF(rmsfe_Pivot_T8!AU10=1,"**",IF(rmsfe_Pivot_T8!AA10=1,"*","")) -> 0,99 | ... Q8: =ROUND(rmsfe_Pivot_T8!P10,2)&IF(rmsfe_Pivot_T8!BB10=1,"**",IF(rmsfe_Pivot_T8!AH10=1,"*","")) -> 1,02 | R8: =rmsfe_Pivot_T8!AI10&"/"&rmsfe_Pivot_T8!BC10 -> 2/2 | T8: =B8&"&"&C8&"&"&D8&"&"&E8&"&"&F8&"&"&G8&"&"&H8&"&"&I8&"&"&J8&"&"&K8&"&"&L8&"&"&M8&"&"&N8&"&"&O8&"&"&P8&"&"&Q8&"&"&R8&"\\" -> J&0,96&1&0,96**&0,99&0,94**&0,99&1,04&0,99&1&1&1,06&1&1,03&1&1,02&2/2\\
B9: =rmsfe_Pivot_T8!A11 -> BFCS | C9: =ROUND(rmsfe_Pivot_T8!B11,2)&IF(rmsfe_Pivot_T8!AN11=1,"**",IF(rmsfe_Pivot_T8!T11=1,"*","")) -> 1,01 | D9: =ROUND(rmsfe_Pivot_T8!C11,2)&IF(rmsfe_Pivot_T8!AO11=1,"**",IF(rmsfe_Pivot_T8!U11=1,"*","")) -> 1,03 | E9: =ROUND(rmsfe_Pivot_T8!D11,2)&IF(rmsfe_Pivot_T8!AP11=1,"**",IF(rmsfe_Pivot_T8!V11=1,"*","")) -> 0,97 | F9: =ROUND(rmsfe_Pivot_T8!E11,2)&IF(rmsfe_Pivot_T8!AQ11=1,"**",IF(rmsfe_Pivot_T8!W11=1,"*","")) -> 1,04 | G9: =ROUND(rmsfe_Pivot_T8!F11,2)&IF(rmsfe_Pivot_T8!AR11=1,"**",IF(rmsfe_Pivot_T8!X11=1,"*","")) -> 0,93** | H9: =ROUND(rmsfe_Pivot_T8!G11,2)&IF(rmsfe_Pivot_T8!AS11=1,"**",IF(rmsfe_Pivot_T8!Y11=1,"*","")) -> 0,98* | I9: =ROUND(rmsfe_Pivot_T8!H11,2)&IF(rmsfe_Pivot_T8!AT11=1,"**",IF(rmsfe_Pivot_T8!Z11=1,"*","")) -> 1 | J9: =ROUND(rmsfe_Pivot_T8!I11,2)&IF(rmsfe_Pivot_T8!AU11=1,"**",IF(rmsfe_Pivot_T8!AA11=1,"*","")) -> 1 | ... Q9: =ROUND(rmsfe_Pivot_T8!P11,2)&IF(rmsfe_Pivot_T8!BB11=1,"**",IF(rmsfe_Pivot_T8!AH11=1,"*","")) -> 1,01 | R9: =rmsfe_Pivot_T8!AI11&"/"&rmsfe_Pivot_T8!BC11 -> 3/1
B10: =rmsfe_Pivot_T8!A12 -> SSSS | C10: =ROUND(rmsfe_Pivot_T8!B12,2)&IF(rmsfe_Pivot_T8!AN12=1,"**",IF(rmsfe_Pivot_T8!T12=1,"*","")) -> 1,2 | D10: =ROUND(rmsfe_Pivot_T8!C12,2)&IF(rmsfe_Pivot_T8!AO12=1,"**",IF(rmsfe_Pivot_T8!U12=1,"*","")) -> 1,03 | E10: =ROUND(rmsfe_Pivot_T8!D12,2)&IF(rmsfe_Pivot_T8!AP12=1,"**",IF(rmsfe_Pivot_T8!V12=1,"*","")) -> 1,26 | F10: =ROUND(rmsfe_Pivot_T8!E12,2)&IF(rmsfe_Pivot_T8!AQ12=1,"**",IF(rmsfe_Pivot_T8!W12=1,"*","")) -> 8,34 | G10: =ROUND(rmsfe_Pivot_T8!F12,2)&IF(rmsfe_Pivot_T8!AR12=1,"**",IF(rmsfe_Pivot_T8!X12=1,"*","")) -> 1,12 | H10: =ROUND(rmsfe_Pivot_T8!G12,2)&IF(rmsfe_Pivot_T8!AS12=1,"**",IF(rmsfe_Pivot_T8!Y12=1,"*","")) -> 1,01 | I10: =ROUND(rmsfe_Pivot_T8!H12,2)&IF(rmsfe_Pivot_T8!AT12=1,"**",IF(rmsfe_Pivot_T8!Z12=1,"*","")) -> 1,1 | J10: =ROUND(rmsfe_Pivot_T8!I12,2)&IF(rmsfe_Pivot_T8!AU12=1,"**",IF(rmsfe_Pivot_T8!AA12=1,"*","")) -> 0,98 | ... Q10: =ROUND(rmsfe_Pivot_T8!P12,2)&IF(rmsfe_Pivot_T8!BB12=1,"**",IF(rmsfe_Pivot_T8!AH12=1,"*","")) -> 1,03 | R10: =rmsfe_Pivot_T8!AI12&"/"&rmsfe_Pivot_T8!BC12 -> 0/0
B11: =rmsfe_Pivot_T8!A13 -> BMS | C11: =ROUND(rmsfe_Pivot_T8!B13,2)&IF(rmsfe_Pivot_T8!AN13=1,"**",IF(rmsfe_Pivot_T8!T13=1,"*","")) -> 1,16 | D11: =ROUND(rmsfe_Pivot_T8!C13,2)&IF(rmsfe_Pivot_T8!AO13=1,"**",IF(rmsfe_Pivot_T8!U13=1,"*","")) -> 1,02 | E11: =ROUND(rmsfe_Pivot_T8!D13,2)&IF(rmsfe_Pivot_T8!AP13=1,"**",IF(rmsfe_Pivot_T8!V13=1,"*","")) -> 1,27 | F11: =ROUND(rmsfe_Pivot_T8!E13,2)&IF(rmsfe_Pivot_T8!AQ13=1,"**",IF(rmsfe_Pivot_T8!W13=1,"*","")) -> 1,17 | G11: =ROUND(rmsfe_Pivot_T8!F13,2)&IF(rmsfe_Pivot_T8!AR13=1,"**",IF(rmsfe_Pivot_T8!X13=1,"*","")) -> 1,1 | H11: =ROUND(rmsfe_Pivot_T8!G13,2)&IF(rmsfe_Pivot_T8!AS13=1,"**",IF(rmsfe_Pivot_T8!Y13=1,"*","")) -> 1,07 | I11: =ROUND(rmsfe_Pivot_T8!H13,2)&IF(rmsfe_Pivot_T8!AT13=1,"**",IF(rmsfe_Pivot_T8!Z13=1,"*","")) -> 1,08 | J11: =ROUND(rmsfe_Pivot_T8!I13,2)&IF(rmsfe_Pivot_T8!AU13=1,"**",IF(rmsfe_Pivot_T8!AA13=1,"*","")) -> 1 | ... Q11: =ROUND(rmsfe_Pivot_T8!P13,2)&IF(rmsfe_Pivot_T8!BB13=1,"**",IF(rmsfe_Pivot_T8!AH13=1,"*","")) -> 1,08 | R11: =rmsfe_Pivot_T8!AI13&"/"&rmsfe_Pivot_T8!BC13 -> 0/0
B12: =rmsfe_Pivot_T8!A14 -> CC | C12: =ROUND(rmsfe_Pivot_T8!B14,2)&IF(rmsfe_Pivot_T8!AN14=1,"**",IF(rmsfe_Pivot_T8!T14=1,"*","")) -> 1,55 | D12: =ROUND(rmsfe_Pivot_T8!C14,2)&IF(rmsfe_Pivot_T8!AO14=1,"**",IF(rmsfe_Pivot_T8!U14=1,"*","")) -> 1,96 | E12: =ROUND(rmsfe_Pivot_T8!D14,2)&IF(rmsfe_Pivot_T8!AP14=1,"**",IF(rmsfe_Pivot_T8!V14=1,"*","")) -> 3,22 | F12: =ROUND(rmsfe_Pivot_T8!E14,2)&IF(rmsfe_Pivot_T8!AQ14=1,"**",IF(rmsfe_Pivot_T8!W14=1,"*","")) -> 2,17 | G12: =ROUND(rmsfe_Pivot_T8!F14,2)&IF(rmsfe_Pivot_T8!AR14=1,"**",IF(rmsfe_Pivot_T8!X14=1,"*","")) -> 2,8 | H12: =ROUND(rmsfe_Pivot_T8!G14,2)&IF(rmsfe_Pivot_T8!AS14=1,"**",IF(rmsfe_Pivot_T8!Y14=1,"*","")) -> 2,06 | I12: =ROUND(rmsfe_Pivot_T8!H14,2)&IF(rmsfe_Pivot_T8!AT14=1,"**",IF(rmsfe_Pivot_T8!Z14=1,"*","")) -> 1,66 | J12: =ROUND(rmsfe_Pivot_T8!I14,2)&IF(rmsfe_Pivot_T8!AU14=1,"**",IF(rmsfe_Pivot_T8!AA14=1,"*","")) -> 2,16 | ... Q12: =ROUND(rmsfe_Pivot_T8!P14,2)&IF(rmsfe_Pivot_T8!BB14=1,"**",IF(rmsfe_Pivot_T8!AH14=1,"*","")) -> 2,84 | R12: =rmsfe_Pivot_T8!AI14&"/"&rmsfe_Pivot_T8!BC14 -> 0/0
B13: Inflation
B14: =rmsfe_Pivot_T8!A16 -> ZS | C14: =ROUND(rmsfe_Pivot_T8!B16,2)&IF(rmsfe_Pivot_T8!AN16=1,"**",IF(rmsfe_Pivot_T8!T16=1,"*","")) -> 1 | D14: =ROUND(rmsfe_Pivot_T8!C16,2)&IF(rmsfe_Pivot_T8!AO16=1,"**",IF(rmsfe_Pivot_T8!U16=1,"*","")) -> 1 | E14: =ROUND(rmsfe_Pivot_T8!D16,2)&IF(rmsfe_Pivot_T8!AP16=1,"**",IF(rmsfe_Pivot_T8!V16=1,"*","")) -> 1 | F14: =ROUND(rmsfe_Pivot_T8!E16,2)&IF(rmsfe_Pivot_T8!AQ16=1,"**",IF(rmsfe_Pivot_T8!W16=1,"*","")) -> 1 | G14: =ROUND(rmsfe_Pivot_T8!F16,2)&IF(rmsfe_Pivot_T8!AR16=1,"**",IF(rmsfe_Pivot_T8!X16=1,"*","")) -> 1 | H14: =ROUND(rmsfe_Pivot_T8!G16,2)&IF(rmsfe_Pivot_T8!AS16=1,"**",IF(rmsfe_Pivot_T8!Y16=1,"*","")) -> 1 | I14: =ROUND(rmsfe_Pivot_T8!H16,2)&IF(rmsfe_Pivot_T8!AT16=1,"**",IF(rmsfe_Pivot_T8!Z16=1,"*","")) -> 1 | J14: =ROUND(rmsfe_Pivot_T8!I16,2)&IF(rmsfe_Pivot_T8!AU16=1,"**",IF(rmsfe_Pivot_T8!AA16=1,"*","")) -> 1 | ... Q14: =ROUND(rmsfe_Pivot_T8!P16,2)&IF(rmsfe_Pivot_T8!BB16=1,"**",IF(rmsfe_Pivot_T8!AH16=1,"*","")) -> 1 | R14: =rmsfe_Pivot_T8!AI16&"/"&rmsfe_Pivot_T8!BC16 -> 0/0
B15: =rmsfe_Pivot_T8!A17 -> ZS\&POOL | C15: =ROUND(rmsfe_Pivot_T8!B17,2)&IF(rmsfe_Pivot_T8!AN17=1,"**",IF(rmsfe_Pivot_T8!T17=1,"*","")) -> 1,14 | D15: =ROUND(rmsfe_Pivot_T8!C17,2)&IF(rmsfe_Pivot_T8!AO17=1,"**",IF(rmsfe_Pivot_T8!U17=1,"*","")) -> 0,99 | E15: =ROUND(rmsfe_Pivot_T8!D17,2)&IF(rmsfe_Pivot_T8!AP17=1,"**",IF(rmsfe_Pivot_T8!V17=1,"*","")) -> 1,08 | F15: =ROUND(rmsfe_Pivot_T8!E17,2)&IF(rmsfe_Pivot_T8!AQ17=1,"**",IF(rmsfe_Pivot_T8!W17=1,"*","")) -> 1,03 | G15: =ROUND(rmsfe_Pivot_T8!F17,2)&IF(rmsfe_Pivot_T8!AR17=1,"**",IF(rmsfe_Pivot_T8!X17=1,"*","")) -> 1 | H15: =ROUND(rmsfe_Pivot_T8!G17,2)&IF(rmsfe_Pivot_T8!AS17=1,"**",IF(rmsfe_Pivot_T8!Y17=1,"*","")) -> 1,04 | I15: =ROUND(rmsfe_Pivot_T8!H17,2)&IF(rmsfe_Pivot_T8!AT17=1,"**",IF(rmsfe_Pivot_T8!Z17=1,"*","")) -> 0,99 | J15: =ROUND(rmsfe_Pivot_T8!I17,2)&IF(rmsfe_Pivot_T8!AU17=1,"**",IF(rmsfe_Pivot_T8!AA17=1,"*","")) -> 0,98 | ... Q15: =ROUND(rmsfe_Pivot_T8!P17,2)&IF(rmsfe_Pivot_T8!BB17=1,"**",IF(rmsfe_Pivot_T8!AH17=1,"*","")) -> 1 | R15: =rmsfe_Pivot_T8!AI17&"/"&rmsfe_Pivot_T8!BC17 -> 3/3
B16: =rmsfe_Pivot_T8!A18 -> POOL | C16: =ROUND(rmsfe_Pivot_T8!B18,2)&IF(rmsfe_Pivot_T8!AN18=1,"**",IF(rmsfe_Pivot_T8!T18=1,"*","")) -> 0,92 | D16: =ROUND(rmsfe_Pivot_T8!C18,2)&IF(rmsfe_Pivot_T8!AO18=1,"**",IF(rmsfe_Pivot_T8!U18=1,"*","")) -> 1 | E16: =ROUND(rmsfe_Pivot_T8!D18,2)&IF(rmsfe_Pivot_T8!AP18=1,"**",IF(rmsfe_Pivot_T8!V18=1,"*","")) -> 1,1 | F16: =ROUND(rmsfe_Pivot_T8!E18,2)&IF(rmsfe_Pivot_T8!AQ18=1,"**",IF(rmsfe_Pivot_T8!W18=1,"*","")) -> 0,89** | G16: =ROUND(rmsfe_Pivot_T8!F18,2)&IF(rmsfe_Pivot_T8!AR18=1,"**",IF(rmsfe_Pivot_T8!X18=1,"*","")) -> 1,04 | H16: =ROUND(rmsfe_Pivot_T8!G18,2)&IF(rmsfe_Pivot_T8!AS18=1,"**",IF(rmsfe_Pivot_T8!Y18=1,"*","")) -> 1,07 | I16: =ROUND(rmsfe_Pivot_T8!H18,2)&IF(rmsfe_Pivot_T8!AT18=1,"**",IF(rmsfe_Pivot_T8!Z18=1,"*","")) -> 1,03 | J16: =ROUND(rmsfe_Pivot_T8!I18,2)&IF(rmsfe_Pivot_T8!AU18=1,"**",IF(rmsfe_Pivot_T8!AA18=1,"*","")) -> 1,04 | ... Q16: =ROUND(rmsfe_Pivot_T8!P18,2)&IF(rmsfe_Pivot_T8!BB18=1,"**",IF(rmsfe_Pivot_T8!AH18=1,"*","")) -> 1,02 | R16: =rmsfe_Pivot_T8!AI18&"/"&rmsfe_Pivot_T8!BC18 -> 2/2
B17: =rmsfe_Pivot_T8!A19 -> ZSGL | C17: =ROUND(rmsfe_Pivot_T8!B19,2)&IF(rmsfe_Pivot_T8!AN19=1,"**",IF(rmsfe_Pivot_T8!T19=1,"*","")) -> 0,99 | D17: =ROUND(rmsfe_Pivot_T8!C19,2)&IF(rmsfe_Pivot_T8!AO19=1,"**",IF(rmsfe_Pivot_T8!U19=1,"*","")) -> 0,98 | E17: =ROUND(rmsfe_Pivot_T8!D19,2)&IF(rmsfe_Pivot_T8!AP19=1,"**",IF(rmsfe_Pivot_T8!V19=1,"*","")) -> 0,97* | F17: =ROUND(rmsfe_Pivot_T8!E19,2)&IF(rmsfe_Pivot_T8!AQ19=1,"**",IF(rmsfe_Pivot_T8!W19=1,"*","")) -> 1,06 | G17: =ROUND(rmsfe_Pivot_T8!F19,2)&IF(rmsfe_Pivot_T8!AR19=1,"**",IF(rmsfe_Pivot_T8!X19=1,"*","")) -> 0,99 | H17: =ROUND(rmsfe_Pivot_T8!G19,2)&IF(rmsfe_Pivot_T8!AS19=1,"**",IF(rmsfe_Pivot_T8!Y19=1,"*","")) -> 1,01 | I17: =ROUND(rmsfe_Pivot_T8!H19,2)&IF(rmsfe_Pivot_T8!AT19=1,"**",IF(rmsfe_Pivot_T8!Z19=1,"*","")) -> 1 | J17: =ROUND(rmsfe_Pivot_T8!I19,2)&IF(rmsfe_Pivot_T8!AU19=1,"**",IF(rmsfe_Pivot_T8!AA19=1,"*","")) -> 1 | ... Q17: =ROUND(rmsfe_Pivot_T8!P19,2)&IF(rmsfe_Pivot_T8!BB19=1,"**",IF(rmsfe_Pivot_T8!AH19=1,"*","")) -> 0,99 | R17: =rmsfe_Pivot_T8!AI19&"/"&rmsfe_Pivot_T8!BC19 -> 4/1
B18: =rmsfe_Pivot_T8!A20 -> J | C18: =ROUND(rmsfe_Pivot_T8!B20,2)&IF(rmsfe_Pivot_T8!AN20=1,"**",IF(rmsfe_Pivot_T8!T20=1,"*","")) -> 0,41** | D18: =ROUND(rmsfe_Pivot_T8!C20,2)&IF(rmsfe_Pivot_T8!AO20=1,"**",IF(rmsfe_Pivot_T8!U20=1,"*","")) -> 1,42 | E18: =ROUND(rmsfe_Pivot_T8!D20,2)&IF(rmsfe_Pivot_T8!AP20=1,"**",IF(rmsfe_Pivot_T8!V20=1,"*","")) -> 0,99 | F18: =ROUND(rmsfe_Pivot_T8!E20,2)&IF(rmsfe_Pivot_T8!AQ20=1,"**",IF(rmsfe_Pivot_T8!W20=1,"*","")) -> 0,24** | G18: =ROUND(rmsfe_Pivot_T8!F20,2)&IF(rmsfe_Pivot_T8!AR20=1,"**",IF(rmsfe_Pivot_T8!X20=1,"*","")) -> 1,18 | H18: =ROUND(rmsfe_Pivot_T8!G20,2)&IF(rmsfe_Pivot_T8!AS20=1,"**",IF(rmsfe_Pivot_T8!Y20=1,"*","")) -> 0,99 | I18: =ROUND(rmsfe_Pivot_T8!H20,2)&IF(rmsfe_Pivot_T8!AT20=1,"**",IF(rmsfe_Pivot_T8!Z20=1,"*","")) -> 1,03 | J18: =ROUND(rmsfe_Pivot_T8!I20,2)&IF(rmsfe_Pivot_T8!AU20=1,"**",IF(rmsfe_Pivot_T8!AA20=1,"*","")) -> 1,4 | ... Q18: =ROUND(rmsfe_Pivot_T8!P20,2)&IF(rmsfe_Pivot_T8!BB20=1,"**",IF(rmsfe_Pivot_T8!AH20=1,"*","")) -> 1,12 | R18: =rmsfe_Pivot_T8!AI20&"/"&rmsfe_Pivot_T8!BC20 -> 3/3 | T18: =B18&"&"&C18&"&"&D18&"&"&E18&"&"&F18&"&"&G18&"&"&H18&"&"&I18&"&"&J18&"&"&K18&"&"&L18&"&"&M18&"&"&N18&"&"&O18&"&"&P18&"&"&Q18&"&"&R18&"\\" -> J&0,41**&1,42&0,99&0,24**&1,18&0,99&1,03&1,4&1,12&1,09&0,94&0,85&1,21&0,62**&1,12&3/3\\
B19: =rmsfe_Pivot_T8!A21 -> BFCS | C19: =ROUND(rmsfe_Pivot_T8!B21,2)&IF(rmsfe_Pivot_T8!AN21=1,"**",IF(rmsfe_Pivot_T8!T21=1,"*","")) -> 1,53 | D19: =ROUND(rmsfe_Pivot_T8!C21,2)&IF(rmsfe_Pivot_T8!AO21=1,"**",IF(rmsfe_Pivot_T8!U21=1,"*","")) -> 1,08 | E19: =ROUND(rmsfe_Pivot_T8!D21,2)&IF(rmsfe_Pivot_T8!AP21=1,"**",IF(rmsfe_Pivot_T8!V21=1,"*","")) -> 1,41 | F19: =ROUND(rmsfe_Pivot_T8!E21,2)&IF(rmsfe_Pivot_T8!AQ21=1,"**",IF(rmsfe_Pivot_T8!W21=1,"*","")) -> 1,62 | G19: =ROUND(rmsfe_Pivot_T8!F21,2)&IF(rmsfe_Pivot_T8!AR21=1,"**",IF(rmsfe_Pivot_T8!X21=1,"*","")) -> 1,2 | H19: =ROUND(rmsfe_Pivot_T8!G21,2)&IF(rmsfe_Pivot_T8!AS21=1,"**",IF(rmsfe_Pivot_T8!Y21=1,"*","")) -> 1,27 | I19: =ROUND(rmsfe_Pivot_T8!H21,2)&IF(rmsfe_Pivot_T8!AT21=1,"**",IF(rmsfe_Pivot_T8!Z21=1,"*","")) -> 1,17 | J19: =ROUND(rmsfe_Pivot_T8!I21,2)&IF(rmsfe_Pivot_T8!AU21=1,"**",IF(rmsfe_Pivot_T8!AA21=1,"*","")) -> 1,06 | ... Q19: =ROUND(rmsfe_Pivot_T8!P21,2)&IF(rmsfe_Pivot_T8!BB21=1,"**",IF(rmsfe_Pivot_T8!AH21=1,"*","")) -> 1,08 | R19: =rmsfe_Pivot_T8!AI21&"/"&rmsfe_Pivot_T8!BC21 -> 0/0
B20: =rmsfe_Pivot_T8!A22 -> SSSS | C20: =ROUND(rmsfe_Pivot_T8!B22,2)&IF(rmsfe_Pivot_T8!AN22=1,"**",IF(rmsfe_Pivot_T8!T22=1,"*","")) -> 1,45 | D20: =ROUND(rmsfe_Pivot_T8!C22,2)&IF(rmsfe_Pivot_T8!AO22=1,"**",IF(rmsfe_Pivot_T8!U22=1,"*","")) -> 1,14 | E20: =ROUND(rmsfe_Pivot_T8!D22,2)&IF(rmsfe_Pivot_T8!AP22=1,"**",IF(rmsfe_Pivot_T8!V22=1,"*","")) -> 1,09 | F20: =ROUND(rmsfe_Pivot_T8!E22,2)&IF(rmsfe_Pivot_T8!AQ22=1,"**",IF(rmsfe_Pivot_T8!W22=1,"*","")) -> 0,69** | G20: =ROUND(rmsfe_Pivot_T8!F22,2)&IF(rmsfe_Pivot_T8!AR22=1,"**",IF(rmsfe_Pivot_T8!X22=1,"*","")) -> 1 | H20: =ROUND(rmsfe_Pivot_T8!G22,2)&IF(rmsfe_Pivot_T8!AS22=1,"**",IF(rmsfe_Pivot_T8!Y22=1,"*","")) -> 0,93* | I20: =ROUND(rmsfe_Pivot_T8!H22,2)&IF(rmsfe_Pivot_T8!AT22=1,"**",IF(rmsfe_Pivot_T8!Z22=1,"*","")) -> 0,88* | J20: =ROUND(rmsfe_Pivot_T8!I22,2)&IF(rmsfe_Pivot_T8!AU22=1,"**",IF(rmsfe_Pivot_T8!AA22=1,"*","")) -> 1,1 | ... Q20: =ROUND(rmsfe_Pivot_T8!P22,2)&IF(rmsfe_Pivot_T8!BB22=1,"**",IF(rmsfe_Pivot_T8!AH22=1,"*","")) -> 0,98 | R20: =rmsfe_Pivot_T8!AI22&"/"&rmsfe_Pivot_T8!BC22 -> 3/1
B21: =rmsfe_Pivot_T8!A23 -> BMS | C21: =ROUND(rmsfe_Pivot_T8!B23,2)&IF(rmsfe_Pivot_T8!AN23=1,"**",IF(rmsfe_Pivot_T8!T23=1,"*","")) -> 1,08 | D21: =ROUND(rmsfe_Pivot_T8!C23,2)&IF(rmsfe_Pivot_T8!AO23=1,"**",IF(rmsfe_Pivot_T8!U23=1,"*","")) -> 0,95 | E21: =ROUND(rmsfe_Pivot_T8!D23,2)&IF(rmsfe_Pivot_T8!AP23=1,"**",IF(rmsfe_Pivot_T8!V23=1,"*","")) -> 1,13 | F21: =ROUND(rmsfe_Pivot_T8!E23,2)&IF(rmsfe_Pivot_T8!AQ23=1,"**",IF(rmsfe_Pivot_T8!W23=1,"*","")) -> 1,32 | G21: =ROUND(rmsfe_Pivot_T8!F23,2)&IF(rmsfe_Pivot_T8!AR23=1,"**",IF(rmsfe_Pivot_T8!X23=1,"*","")) -> 0,94** | H21: =ROUND(rmsfe_Pivot_T8!G23,2)&IF(rmsfe_Pivot_T8!AS23=1,"**",IF(rmsfe_Pivot_T8!Y23=1,"*","")) -> 0,93** | I21: =ROUND(rmsfe_Pivot_T8!H23,2)&IF(rmsfe_Pivot_T8!AT23=1,"**",IF(rmsfe_Pivot_T8!Z23=1,"*","")) -> 1,29 | J21: =ROUND(rmsfe_Pivot_T8!I23,2)&IF(rmsfe_Pivot_T8!AU23=1,"**",IF(rmsfe_Pivot_T8!AA23=1,"*","")) -> 0,96 | ... Q21: =ROUND(rmsfe_Pivot_T8!P23,2)&IF(rmsfe_Pivot_T8!BB23=1,"**",IF(rmsfe_Pivot_T8!AH23=1,"*","")) -> 1,03 | R21: =rmsfe_Pivot_T8!AI23&"/"&rmsfe_Pivot_T8!BC23 -> 3/3
B22: =rmsfe_Pivot_T8!A24 -> CC | C22: =ROUND(rmsfe_Pivot_T8!B24,2)&IF(rmsfe_Pivot_T8!AN24=1,"**",IF(rmsfe_Pivot_T8!T24=1,"*","")) -> 1,55 | D22: =ROUND(rmsfe_Pivot_T8!C24,2)&IF(rmsfe_Pivot_T8!AO24=1,"**",IF(rmsfe_Pivot_T8!U24=1,"*","")) -> 1,25 | E22: =ROUND(rmsfe_Pivot_T8!D24,2)&IF(rmsfe_Pivot_T8!AP24=1,"**",IF(rmsfe_Pivot_T8!V24=1,"*","")) -> 1,15 | F22: =ROUND(rmsfe_Pivot_T8!E24,2)&IF(rmsfe_Pivot_T8!AQ24=1,"**",IF(rmsfe_Pivot_T8!W24=1,"*","")) -> 1,63 | G22: =ROUND(rmsfe_Pivot_T8!F24,2)&IF(rmsfe_Pivot_T8!AR24=1,"**",IF(rmsfe_Pivot_T8!X24=1,"*","")) -> 1,28 | H22: =ROUND(rmsfe_Pivot_T8!G24,2)&IF(rmsfe_Pivot_T8!AS24=1,"**",IF(rmsfe_Pivot_T8!Y24=1,"*","")) -> 1,16 | I22: =ROUND(rmsfe_Pivot_T8!H24,2)&IF(rmsfe_Pivot_T8!AT24=1,"**",IF(rmsfe_Pivot_T8!Z24=1,"*","")) -> 1,15 | J22: =ROUND(rmsfe_Pivot_T8!I24,2)&IF(rmsfe_Pivot_T8!AU24=1,"**",IF(rmsfe_Pivot_T8!AA24=1,"*","")) -> 1,33 | ... Q22: =ROUND(rmsfe_Pivot_T8!P24,2)&IF(rmsfe_Pivot_T8!BB24=1,"**",IF(rmsfe_Pivot_T8!AH24=1,"*","")) -> 1,11 | R22: =rmsfe_Pivot_T8!AI24&"/"&rmsfe_Pivot_T8!BC24 -> 0/0
B23: Interest rate
B24: =rmsfe_Pivot_T8!A26 -> ZS | C24: =ROUND(rmsfe_Pivot_T8!B26,2)&IF(rmsfe_Pivot_T8!AN26=1,"**",IF(rmsfe_Pivot_T8!T26=1,"*","")) -> 1 | D24: =ROUND(rmsfe_Pivot_T8!C26,2)&IF(rmsfe_Pivot_T8!AO26=1,"**",IF(rmsfe_Pivot_T8!U26=1,"*","")) -> 1 | E24: =ROUND(rmsfe_Pivot_T8!D26,2)&IF(rmsfe_Pivot_T8!AP26=1,"**",IF(rmsfe_Pivot_T8!V26=1,"*","")) -> 1 | F24: =ROUND(rmsfe_Pivot_T8!E26,2)&IF(rmsfe_Pivot_T8!AQ26=1,"**",IF(rmsfe_Pivot_T8!W26=1,"*","")) -> 1 | G24: =ROUND(rmsfe_Pivot_T8!F26,2)&IF(rmsfe_Pivot_T8!AR26=1,"**",IF(rmsfe_Pivot_T8!X26=1,"*","")) -> 1 | H24: =ROUND(rmsfe_Pivot_T8!G26,2)&IF(rmsfe_Pivot_T8!AS26=1,"**",IF(rmsfe_Pivot_T8!Y26=1,"*","")) -> 1 | I24: =ROUND(rmsfe_Pivot_T8!H26,2)&IF(rmsfe_Pivot_T8!AT26=1,"**",IF(rmsfe_Pivot_T8!Z26=1,"*","")) -> 1 | J24: =ROUND(rmsfe_Pivot_T8!I26,2)&IF(rmsfe_Pivot_T8!AU26=1,"**",IF(rmsfe_Pivot_T8!AA26=1,"*","")) -> 1 | ... Q24: =ROUND(rmsfe_Pivot_T8!P26,2)&IF(rmsfe_Pivot_T8!BB26=1,"**",IF(rmsfe_Pivot_T8!AH26=1,"*","")) -> 1 | R24: =rmsfe_Pivot_T8!AI26&"/"&rmsfe_Pivot_T8!BC26 -> 0/0
B25: =rmsfe_Pivot_T8!A27 -> ZS\&POOL | C25: =ROUND(rmsfe_Pivot_T8!B27,2)&IF(rmsfe_Pivot_T8!AN27=1,"**",IF(rmsfe_Pivot_T8!T27=1,"*","")) -> 1,12 | D25: =ROUND(rmsfe_Pivot_T8!C27,2)&IF(rmsfe_Pivot_T8!AO27=1,"**",IF(rmsfe_Pivot_T8!U27=1,"*","")) -> 1,01 | E25: =ROUND(rmsfe_Pivot_T8!D27,2)&IF(rmsfe_Pivot_T8!AP27=1,"**",IF(rmsfe_Pivot_T8!V27=1,"*","")) -> 1,02 | F25: =ROUND(rmsfe_Pivot_T8!E27,2)&IF(rmsfe_Pivot_T8!AQ27=1,"**",IF(rmsfe_Pivot_T8!W27=1,"*","")) -> 1,04 | G25: =ROUND(rmsfe_Pivot_T8!F27,2)&IF(rmsfe_Pivot_T8!AR27=1,"**",IF(rmsfe_Pivot_T8!X27=1,"*","")) -> 0,99 | H25: =ROUND(rmsfe_Pivot_T8!G27,2)&IF(rmsfe_Pivot_T8!AS27=1,"**",IF(rmsfe_Pivot_T8!Y27=1,"*","")) -> 0,98* | I25: =ROUND(rmsfe_Pivot_T8!H27,2)&IF(rmsfe_Pivot_T8!AT27=1,"**",IF(rmsfe_Pivot_T8!Z27=1,"*","")) -> 0,9** | J25: =ROUND(rmsfe_Pivot_T8!I27,2)&IF(rmsfe_Pivot_T8!AU27=1,"**",IF(rmsfe_Pivot_T8!AA27=1,"*","")) -> 1 | ... Q25: =ROUND(rmsfe_Pivot_T8!P27,2)&IF(rmsfe_Pivot_T8!BB27=1,"**",IF(rmsfe_Pivot_T8!AH27=1,"*","")) -> 0,96** | R25: =rmsfe_Pivot_T8!AI27&"/"&rmsfe_Pivot_T8!BC27 -> 5/4
B26: =rmsfe_Pivot_T8!A28 -> POOL | C26: =ROUND(rmsfe_Pivot_T8!B28,2)&IF(rmsfe_Pivot_T8!AN28=1,"**",IF(rmsfe_Pivot_T8!T28=1,"*","")) -> 0,94 | D26: =ROUND(rmsfe_Pivot_T8!C28,2)&IF(rmsfe_Pivot_T8!AO28=1,"**",IF(rmsfe_Pivot_T8!U28=1,"*","")) -> 0,9** | E26: =ROUND(rmsfe_Pivot_T8!D28,2)&IF(rmsfe_Pivot_T8!AP28=1,"**",IF(rmsfe_Pivot_T8!V28=1,"*","")) -> 1,11 | F26: =ROUND(rmsfe_Pivot_T8!E28,2)&IF(rmsfe_Pivot_T8!AQ28=1,"**",IF(rmsfe_Pivot_T8!W28=1,"*","")) -> 0,9** | G26: =ROUND(rmsfe_Pivot_T8!F28,2)&IF(rmsfe_Pivot_T8!AR28=1,"**",IF(rmsfe_Pivot_T8!X28=1,"*","")) -> 1,04 | H26: =ROUND(rmsfe_Pivot_T8!G28,2)&IF(rmsfe_Pivot_T8!AS28=1,"**",IF(rmsfe_Pivot_T8!Y28=1,"*","")) -> 1,14 | I26: =ROUND(rmsfe_Pivot_T8!H28,2)&IF(rmsfe_Pivot_T8!AT28=1,"**",IF(rmsfe_Pivot_T8!Z28=1,"*","")) -> 0,97 | J26: =ROUND(rmsfe_Pivot_T8!I28,2)&IF(rmsfe_Pivot_T8!AU28=1,"**",IF(rmsfe_Pivot_T8!AA28=1,"*","")) -> 0,92** | ... Q26: =ROUND(rmsfe_Pivot_T8!P28,2)&IF(rmsfe_Pivot_T8!BB28=1,"**",IF(rmsfe_Pivot_T8!AH28=1,"*","")) -> 0,97 | R26: =rmsfe_Pivot_T8!AI28&"/"&rmsfe_Pivot_T8!BC28 -> 6/6
B27: =rmsfe_Pivot_T8!A29 -> ZSGL | C27: =ROUND(rmsfe_Pivot_T8!B29,2)&IF(rmsfe_Pivot_T8!AN29=1,"**",IF(rmsfe_Pivot_T8!T29=1,"*","")) -> 0,99 | D27: =ROUND(rmsfe_Pivot_T8!C29,2)&IF(rmsfe_Pivot_T8!AO29=1,"**",IF(rmsfe_Pivot_T8!U29=1,"*","")) -> 0,93** | E27: =ROUND(rmsfe_Pivot_T8!D29,2)&IF(rmsfe_Pivot_T8!AP29=1,"**",IF(rmsfe_Pivot_T8!V29=1,"*","")) -> 0,98* | F27: =ROUND(rmsfe_Pivot_T8!E29,2)&IF(rmsfe_Pivot_T8!AQ29=1,"**",IF(rmsfe_Pivot_T8!W29=1,"*","")) -> 1,05 | G27: =ROUND(rmsfe_Pivot_T8!F29,2)&IF(rmsfe_Pivot_T8!AR29=1,"**",IF(rmsfe_Pivot_T8!X29=1,"*","")) -> 0,96** | H27: =ROUND(rmsfe_Pivot_T8!G29,2)&IF(rmsfe_Pivot_T8!AS29=1,"**",IF(rmsfe_Pivot_T8!Y29=1,"*","")) -> 1,06 | I27: =ROUND(rmsfe_Pivot_T8!H29,2)&IF(rmsfe_Pivot_T8!AT29=1,"**",IF(rmsfe_Pivot_T8!Z29=1,"*","")) -> 0,96** | J27: =ROUND(rmsfe_Pivot_T8!I29,2)&IF(rmsfe_Pivot_T8!AU29=1,"**",IF(rmsfe_Pivot_T8!AA29=1,"*","")) -> 0,88** | ... Q27: =ROUND(rmsfe_Pivot_T8!P29,2)&IF(rmsfe_Pivot_T8!BB29=1,"**",IF(rmsfe_Pivot_T8!AH29=1,"*","")) -> 0,99 | R27: =rmsfe_Pivot_T8!AI29&"/"&rmsfe_Pivot_T8!BC29 -> 9/8
B28: =rmsfe_Pivot_T8!A30 -> J | C28: =ROUND(rmsfe_Pivot_T8!B30,2)&IF(rmsfe_Pivot_T8!AN30=1,"**",IF(rmsfe_Pivot_T8!T30=1,"*","")) -> 0,41** | D28: =ROUND(rmsfe_Pivot_T8!C30,2)&IF(rmsfe_Pivot_T8!AO30=1,"**",IF(rmsfe_Pivot_T8!U30=1,"*","")) -> 0,75** | E28: =ROUND(rmsfe_Pivot_T8!D30,2)&IF(rmsfe_Pivot_T8!AP30=1,"**",IF(rmsfe_Pivot_T8!V30=1,"*","")) -> 0,88** | F28: =ROUND(rmsfe_Pivot_T8!E30,2)&IF(rmsfe_Pivot_T8!AQ30=1,"**",IF(rmsfe_Pivot_T8!W30=1,"*","")) -> 0,15** | G28: =ROUND(rmsfe_Pivot_T8!F30,2)&IF(rmsfe_Pivot_T8!AR30=1,"**",IF(rmsfe_Pivot_T8!X30=1,"*","")) -> 0,83** | H28: =ROUND(rmsfe_Pivot_T8!G30,2)&IF(rmsfe_Pivot_T8!AS30=1,"**",IF(rmsfe_Pivot_T8!Y30=1,"*","")) -> 0,97 | I28: =ROUND(rmsfe_Pivot_T8!H30,2)&IF(rmsfe_Pivot_T8!AT30=1,"**",IF(rmsfe_Pivot_T8!Z30=1,"*","")) -> 0,81* | J28: =ROUND(rmsfe_Pivot_T8!I30,2)&IF(rmsfe_Pivot_T8!AU30=1,"**",IF(rmsfe_Pivot_T8!AA30=1,"*","")) -> 0,73** | ... Q28: =ROUND(rmsfe_Pivot_T8!P30,2)&IF(rmsfe_Pivot_T8!BB30=1,"**",IF(rmsfe_Pivot_T8!AH30=1,"*","")) -> 0,79** | R28: =rmsfe_Pivot_T8!AI30&"/"&rmsfe_Pivot_T8!BC30 -> 13/12 | T28: =B28&"&"&C28&"&"&D28&"&"&E28&"&"&F28&"&"&G28&"&"&H28&"&"&I28&"&"&J28&"&"&K28&"&"&L28&"&"&M28&"&"&N28&"&"&O28&"&"&P28&"&"&Q28&"&"&R28&"\\" -> J&0,41**&0,75**&0,88**&0,15**&0,83**&0,97&0,81*&0,73**&0,94**&0,73**&0,78&0,82**&0,55**&0,46**&0,79**&13/12\\
B29: =rmsfe_Pivot_T8!A31 -> BFCS | C29: =ROUND(rmsfe_Pivot_T8!B31,2)&IF(rmsfe_Pivot_T8!AN31=1,"**",IF(rmsfe_Pivot_T8!T31=1,"*","")) -> 1,3 | D29: =ROUND(rmsfe_Pivot_T8!C31,2)&IF(rmsfe_Pivot_T8!AO31=1,"**",IF(rmsfe_Pivot_T8!U31=1,"*","")) -> 1,19 | E29: =ROUND(rmsfe_Pivot_T8!D31,2)&IF(rmsfe_Pivot_T8!AP31=1,"**",IF(rmsfe_Pivot_T8!V31=1,"*","")) -> 1,18 | F29: =ROUND(rmsfe_Pivot_T8!E31,2)&IF(rmsfe_Pivot_T8!AQ31=1,"**",IF(rmsfe_Pivot_T8!W31=1,"*","")) -> 1,56 | G29: =ROUND(rmsfe_Pivot_T8!F31,2)&IF(rmsfe_Pivot_T8!AR31=1,"**",IF(rmsfe_Pivot_T8!X31=1,"*","")) -> 1,7 | H29: =ROUND(rmsfe_Pivot_T8!G31,2)&IF(rmsfe_Pivot_T8!AS31=1,"**",IF(rmsfe_Pivot_T8!Y31=1,"*","")) -> 1,63 | I29: =ROUND(rmsfe_Pivot_T8!H31,2)&IF(rmsfe_Pivot_T8!AT31=1,"**",IF(rmsfe_Pivot_T8!Z31=1,"*","")) -> 1,7 | J29: =ROUND(rmsfe_Pivot_T8!I31,2)&IF(rmsfe_Pivot_T8!AU31=1,"**",IF(rmsfe_Pivot_T8!AA31=1,"*","")) -> 1,08 | ... Q29: =ROUND(rmsfe_Pivot_T8!P31,2)&IF(rmsfe_Pivot_T8!BB31=1,"**",IF(rmsfe_Pivot_T8!AH31=1,"*","")) -> 1,35 | R29: =rmsfe_Pivot_T8!AI31&"/"&rmsfe_Pivot_T8!BC31 -> 1/1
B30: =rmsfe_Pivot_T8!A32 -> SSSS | C30: =ROUND(rmsfe_Pivot_T8!B32,2)&IF(rmsfe_Pivot_T8!AN32=1,"**",IF(rmsfe_Pivot_T8!T32=1,"*","")) -> 0,9 | D30: =ROUND(rmsfe_Pivot_T8!C32,2)&IF(rmsfe_Pivot_T8!AO32=1,"**",IF(rmsfe_Pivot_T8!U32=1,"*","")) -> 0,81** | E30: =ROUND(rmsfe_Pivot_T8!D32,2)&IF(rmsfe_Pivot_T8!AP32=1,"**",IF(rmsfe_Pivot_T8!V32=1,"*","")) -> 1,28 | F30: =ROUND(rmsfe_Pivot_T8!E32,2)&IF(rmsfe_Pivot_T8!AQ32=1,"**",IF(rmsfe_Pivot_T8!W32=1,"*","")) -> 1,34 | G30: =ROUND(rmsfe_Pivot_T8!F32,2)&IF(rmsfe_Pivot_T8!AR32=1,"**",IF(rmsfe_Pivot_T8!X32=1,"*","")) -> 0,87** | H30: =ROUND(rmsfe_Pivot_T8!G32,2)&IF(rmsfe_Pivot_T8!AS32=1,"**",IF(rmsfe_Pivot_T8!Y32=1,"*","")) -> 0,98 | I30: =ROUND(rmsfe_Pivot_T8!H32,2)&IF(rmsfe_Pivot_T8!AT32=1,"**",IF(rmsfe_Pivot_T8!Z32=1,"*","")) -> 0,67** | J30: =ROUND(rmsfe_Pivot_T8!I32,2)&IF(rmsfe_Pivot_T8!AU32=1,"**",IF(rmsfe_Pivot_T8!AA32=1,"*","")) -> 0,77** | ... Q30: =ROUND(rmsfe_Pivot_T8!P32,2)&IF(rmsfe_Pivot_T8!BB32=1,"**",IF(rmsfe_Pivot_T8!AH32=1,"*","")) -> 0,89** | R30: =rmsfe_Pivot_T8!AI32&"/"&rmsfe_Pivot_T8!BC32 -> 7/7
B31: =rmsfe_Pivot_T8!A33 -> BMS | C31: =ROUND(rmsfe_Pivot_T8!B33,2)&IF(rmsfe_Pivot_T8!AN33=1,"**",IF(rmsfe_Pivot_T8!T33=1,"*","")) -> 1,01 | D31: =ROUND(rmsfe_Pivot_T8!C33,2)&IF(rmsfe_Pivot_T8!AO33=1,"**",IF(rmsfe_Pivot_T8!U33=1,"*","")) -> 0,88** | E31: =ROUND(rmsfe_Pivot_T8!D33,2)&IF(rmsfe_Pivot_T8!AP33=1,"**",IF(rmsfe_Pivot_T8!V33=1,"*","")) -> 0,92 | F31: =ROUND(rmsfe_Pivot_T8!E33,2)&IF(rmsfe_Pivot_T8!AQ33=1,"**",IF(rmsfe_Pivot_T8!W33=1,"*","")) -> 1,4 | G31: =ROUND(rmsfe_Pivot_T8!F33,2)&IF(rmsfe_Pivot_T8!AR33=1,"**",IF(rmsfe_Pivot_T8!X33=1,"*","")) -> 1,02 | H31: =ROUND(rmsfe_Pivot_T8!G33,2)&IF(rmsfe_Pivot_T8!AS33=1,"**",IF(rmsfe_Pivot_T8!Y33=1,"*","")) -> 1,08 | I31: =ROUND(rmsfe_Pivot_T8!H33,2)&IF(rmsfe_Pivot_T8!AT33=1,"**",IF(rmsfe_Pivot_T8!Z33=1,"*","")) -> 1,02 | J31: =ROUND(rmsfe_Pivot_T8!I33,2)&IF(rmsfe_Pivot_T8!AU33=1,"**",IF(rmsfe_Pivot_T8!AA33=1,"*","")) -> 0,82** | ... Q31: =ROUND(rmsfe_Pivot_T8!P33,2)&IF(rmsfe_Pivot_T8!BB33=1,"**",IF(rmsfe_Pivot_T8!AH33=1,"*","")) -> 0,9** | R31: =rmsfe_Pivot_T8!AI33&"/"&rmsfe_Pivot_T8!BC33 -> 4/4
B32: =rmsfe_Pivot_T8!A34 -> CC | C32: =ROUND(rmsfe_Pivot_T8!B34,2)&IF(rmsfe_Pivot_T8!AN34=1,"**",IF(rmsfe_Pivot_T8!T34=1,"*","")) -> 1,38 | D32: =ROUND(rmsfe_Pivot_T8!C34,2)&IF(rmsfe_Pivot_T8!AO34=1,"**",IF(rmsfe_Pivot_T8!U34=1,"*","")) -> 1,33 | E32: =ROUND(rmsfe_Pivot_T8!D34,2)&IF(rmsfe_Pivot_T8!AP34=1,"**",IF(rmsfe_Pivot_T8!V34=1,"*","")) -> 1,36 | F32: =ROUND(rmsfe_Pivot_T8!E34,2)&IF(rmsfe_Pivot_T8!AQ34=1,"**",IF(rmsfe_Pivot_T8!W34=1,"*","")) -> 1,59 | G32: =ROUND(rmsfe_Pivot_T8!F34,2)&IF(rmsfe_Pivot_T8!AR34=1,"**",IF(rmsfe_Pivot_T8!X34=1,"*","")) -> 1,47 | H32: =ROUND(rmsfe_Pivot_T8!G34,2)&IF(rmsfe_Pivot_T8!AS34=1,"**",IF(rmsfe_Pivot_T8!Y34=1,"*","")) -> 1,23 | I32: =ROUND(rmsfe_Pivot_T8!H34,2)&IF(rmsfe_Pivot_T8!AT34=1,"**",IF(rmsfe_Pivot_T8!Z34=1,"*","")) -> 1,59 | J32: =ROUND(rmsfe_Pivot_T8!I34,2)&IF(rmsfe_Pivot_T8!AU34=1,"**",IF(rmsfe_Pivot_T8!AA34=1,"*","")) -> 1,22 | ... Q32: =ROUND(rmsfe_Pivot_T8!P34,2)&IF(rmsfe_Pivot_T8!BB34=1,"**",IF(rmsfe_Pivot_T8!AH34=1,"*","")) -> 1,2 | R32: =rmsfe_Pivot_T8!AI34&"/"&rmsfe_Pivot_T8!BC34 -> 1/0

Sheet T1
C2: =rmsfe_Pivot_T1!B4 -> AG | D2: =rmsfe_Pivot_T1!C4 -> AT | E2: =rmsfe_Pivot_T1!D4 -> AU | F2: =rmsfe_Pivot_T1!E4 -> BR | G2: =rmsfe_Pivot_T1!F4 -> CA | H2: =rmsfe_Pivot_T1!G4 -> CH | I2: =rmsfe_Pivot_T1!H4 -> CN | J2: =rmsfe_Pivot_T1!I4 -> DE | ... Q2: =rmsfe_Pivot_T1!P4 -> US
B3: GDP
B4: =rmsfe_Pivot_T1!A6 -> ZS | C4: =ROUND(rmsfe_Pivot_T1!B6,2)&IF(rmsfe_Pivot_T1!AN6=1,"**",IF(rmsfe_Pivot_T1!T6=1,"*","")) -> 1 | D4: =ROUND(rmsfe_Pivot_T1!C6,2)&IF(rmsfe_Pivot_T1!AO6=1,"**",IF(rmsfe_Pivot_T1!U6=1,"*","")) -> 1 | E4: =ROUND(rmsfe_Pivot_T1!D6,2)&IF(rmsfe_Pivot_T1!AP6=1,"**",IF(rmsfe_Pivot_T1!V6=1,"*","")) -> 1 | F4: =ROUND(rmsfe_Pivot_T1!E6,2)&IF(rmsfe_Pivot_T1!AQ6=1,"**",IF(rmsfe_Pivot_T1!W6=1,"*","")) -> 1 | G4: =ROUND(rmsfe_Pivot_T1!F6,2)&IF(rmsfe_Pivot_T1!AR6=1,"**",IF(rmsfe_Pivot_T1!X6=1,"*","")) -> 1 | H4: =ROUND(rmsfe_Pivot_T1!G6,2)&IF(rmsfe_Pivot_T1!AS6=1,"**",IF(rmsfe_Pivot_T1!Y6=1,"*","")) -> 1 | I4: =ROUND(rmsfe_Pivot_T1!H6,2)&IF(rmsfe_Pivot_T1!AT6=1,"**",IF(rmsfe_Pivot_T1!Z6=1,"*","")) -> 1 | J4: =ROUND(rmsfe_Pivot_T1!I6,2)&IF(rmsfe_Pivot_T1!AU6=1,"**",IF(rmsfe_Pivot_T1!AA6=1,"*","")) -> 1 | ... Q4: =ROUND(rmsfe_Pivot_T1!P6,2)&IF(rmsfe_Pivot_T1!BB6=1,"**",IF(rmsfe_Pivot_T1!AH6=1,"*","")) -> 1
B5: =rmsfe_Pivot_T1!A7 -> ZS\&POOL | C5: =ROUND(rmsfe_Pivot_T1!B7,2)&IF(rmsfe_Pivot_T1!AN7=1,"**",IF(rmsfe_Pivot_T1!T7=1,"*","")) -> 0,99 | D5: =ROUND(rmsfe_Pivot_T1!C7,2)&IF(rmsfe_Pivot_T1!AO7=1,"**",IF(rmsfe_Pivot_T1!U7=1,"*","")) -> 0,98 | E5: =ROUND(rmsfe_Pivot_T1!D7,2)&IF(rmsfe_Pivot_T1!AP7=1,"**",IF(rmsfe_Pivot_T1!V7=1,"*","")) -> 0,97** | F5: =ROUND(rmsfe_Pivot_T1!E7,2)&IF(rmsfe_Pivot_T1!AQ7=1,"**",IF(rmsfe_Pivot_T1!W7=1,"*","")) -> 0,99 | G5: =ROUND(rmsfe_Pivot_T1!F7,2)&IF(rmsfe_Pivot_T1!AR7=1,"**",IF(rmsfe_Pivot_T1!X7=1,"*","")) -> 0,97* | H5: =ROUND(rmsfe_Pivot_T1!G7,2)&IF(rmsfe_Pivot_T1!AS7=1,"**",IF(rmsfe_Pivot_T1!Y7=1,"*","")) -> 1,03 | I5: =ROUND(rmsfe_Pivot_T1!H7,2)&IF(rmsfe_Pivot_T1!AT7=1,"**",IF(rmsfe_Pivot_T1!Z7=1,"*","")) -> 1 | J5: =ROUND(rmsfe_Pivot_T1!I7,2)&IF(rmsfe_Pivot_T1!AU7=1,"**",IF(rmsfe_Pivot_T1!AA7=1,"*","")) -> 0,97* | ... Q5: =ROUND(rmsfe_Pivot_T1!P7,2)&IF(rmsfe_Pivot_T1!BB7=1,"**",IF(rmsfe_Pivot_T1!AH7=1,"*","")) -> 0,98** | R5: =rmsfe_Pivot_T1!AI7&"/"&rmsfe_Pivot_T1!BC7 -> 5/3
B6: =rmsfe_Pivot_T1!A8 -> POOL | C6: =ROUND(rmsfe_Pivot_T1!B8,2)&IF(rmsfe_Pivot_T1!AN8=1,"**",IF(rmsfe_Pivot_T1!T8=1,"*","")) -> 0,99 | D6: =ROUND(rmsfe_Pivot_T1!C8,2)&IF(rmsfe_Pivot_T1!AO8=1,"**",IF(rmsfe_Pivot_T1!U8=1,"*","")) -> 0,99 | E6: =ROUND(rmsfe_Pivot_T1!D8,2)&IF(rmsfe_Pivot_T1!AP8=1,"**",IF(rmsfe_Pivot_T1!V8=1,"*","")) -> 1 | F6: =ROUND(rmsfe_Pivot_T1!E8,2)&IF(rmsfe_Pivot_T1!AQ8=1,"**",IF(rmsfe_Pivot_T1!W8=1,"*","")) -> 0,99 | G6: =ROUND(rmsfe_Pivot_T1!F8,2)&IF(rmsfe_Pivot_T1!AR8=1,"**",IF(rmsfe_Pivot_T1!X8=1,"*","")) -> 1,06 | H6: =ROUND(rmsfe_Pivot_T1!G8,2)&IF(rmsfe_Pivot_T1!AS8=1,"**",IF(rmsfe_Pivot_T1!Y8=1,"*","")) -> 1,02 | I6: =ROUND(rmsfe_Pivot_T1!H8,2)&IF(rmsfe_Pivot_T1!AT8=1,"**",IF(rmsfe_Pivot_T1!Z8=1,"*","")) -> 0,98 | J6: =ROUND(rmsfe_Pivot_T1!I8,2)&IF(rmsfe_Pivot_T1!AU8=1,"**",IF(rmsfe_Pivot_T1!AA8=1,"*","")) -> 0,98 | ... Q6: =ROUND(rmsfe_Pivot_T1!P8,2)&IF(rmsfe_Pivot_T1!BB8=1,"**",IF(rmsfe_Pivot_T1!AH8=1,"*","")) -> 1 | R6: =rmsfe_Pivot_T1!AI8&"/"&rmsfe_Pivot_T1!BC8 -> 2/1
B7: =rmsfe_Pivot_T1!A9 -> ZSGL | C7: =ROUND(rmsfe_Pivot_T1!B9,2)&IF(rmsfe_Pivot_T1!AN9=1,"**",IF(rmsfe_Pivot_T1!T9=1,"*","")) -> 1 | D7: =ROUND(rmsfe_Pivot_T1!C9,2)&IF(rmsfe_Pivot_T1!AO9=1,"**",IF(rmsfe_Pivot_T1!U9=1,"*","")) -> 0,98* | E7: =ROUND(rmsfe_Pivot_T1!D9,2)&IF(rmsfe_Pivot_T1!AP9=1,"**",IF(rmsfe_Pivot_T1!V9=1,"*","")) -> 1 | F7: =ROUND(rmsfe_Pivot_T1!E9,2)&IF(rmsfe_Pivot_T1!AQ9=1,"**",IF(rmsfe_Pivot_T1!W9=1,"*","")) -> 1 | G7: =ROUND(rmsfe_Pivot_T1!F9,2)&IF(rmsfe_Pivot_T1!AR9=1,"**",IF(rmsfe_Pivot_T1!X9=1,"*","")) -> 1,02 | H7: =ROUND(rmsfe_Pivot_T1!G9,2)&IF(rmsfe_Pivot_T1!AS9=1,"**",IF(rmsfe_Pivot_T1!Y9=1,"*","")) -> 1,01 | I7: =ROUND(rmsfe_Pivot_T1!H9,2)&IF(rmsfe_Pivot_T1!AT9=1,"**",IF(rmsfe_Pivot_T1!Z9=1,"*","")) -> 0,99 | J7: =ROUND(rmsfe_Pivot_T1!I9,2)&IF(rmsfe_Pivot_T1!AU9=1,"**",IF(rmsfe_Pivot_T1!AA9=1,"*","")) -> 0,99 | ... Q7: =ROUND(rmsfe_Pivot_T1!P9,2)&IF(rmsfe_Pivot_T1!BB9=1,"**",IF(rmsfe_Pivot_T1!AH9=1,"*","")) -> 1,01 | R7: =rmsfe_Pivot_T1!AI9&"/"&rmsfe_Pivot_T1!BC9 -> 1/0
B8: =rmsfe_Pivot_T1!A10 -> J | C8: =ROUND(rmsfe_Pivot_T1!B10,2)&IF(rmsfe_Pivot_T1!AN10=1,"**",IF(rmsfe_Pivot_T1!T10=1,"*","")) -> 0,99 | D8: =ROUND(rmsfe_Pivot_T1!C10,2)&IF(rmsfe_Pivot_T1!AO10=1,"**",IF(rmsfe_Pivot_T1!U10=1,"*","")) -> 0,96 | E8: =ROUND(rmsfe_Pivot_T1!D10,2)&IF(rmsfe_Pivot_T1!AP10=1,"**",IF(rmsfe_Pivot_T1!V10=1,"*","")) -> 0,97 | F8: =ROUND(rmsfe_Pivot_T1!E10,2)&IF(rmsfe_Pivot_T1!AQ10=1,"**",IF(rmsfe_Pivot_T1!W10=1,"*","")) -> 1,02 | G8: =ROUND(rmsfe_Pivot_T1!F10,2)&IF(rmsfe_Pivot_T1!AR10=1,"**",IF(rmsfe_Pivot_T1!X10=1,"*","")) -> 1 | H8: =ROUND(rmsfe_Pivot_T1!G10,2)&IF(rmsfe_Pivot_T1!AS10=1,"**",IF(rmsfe_Pivot_T1!Y10=1,"*","")) -> 1,08 | I8: =ROUND(rmsfe_Pivot_T1!H10,2)&IF(rmsfe_Pivot_T1!AT10=1,"**",IF(rmsfe_Pivot_T1!Z10=1,"*","")) -> 1,03 | J8: =ROUND(rmsfe_Pivot_T1!I10,2)&IF(rmsfe_Pivot_T1!AU10=1,"**",IF(rmsfe_Pivot_T1!AA10=1,"*","")) -> 0,94 | ... Q8: =ROUND(rmsfe_Pivot_T1!P10,2)&IF(rmsfe_Pivot_T1!BB10=1,"**",IF(rmsfe_Pivot_T1!AH10=1,"*","")) -> 1 | R8: =rmsfe_Pivot_T1!AI10&"/"&rmsfe_Pivot_T1!BC10 -> 2/1 | T8: =B8&"&"&C8&"&"&D8&"&"&E8&"&"&F8&"&"&G8&"&"&H8&"&"&I8&"&"&J8&"&"&K8&"&"&L8&"&"&M8&"&"&N8&"&"&O8&"&"&P8&"&"&Q8&"&"&R8&"\\" -> J&0,99&0,96&0,97&1,02&1&1,08&1,03&0,94&1,01&0,98&1,03&0,95**&0,97*&0,98&1&2/1\\
B9: =rmsfe_Pivot_T1!A11 -> BFCS | C9: =ROUND(rmsfe_Pivot_T1!B11,2)&IF(rmsfe_Pivot_T1!AN11=1,"**",IF(rmsfe_Pivot_T1!T11=1,"*","")) -> 1,13 | D9: =ROUND(rmsfe_Pivot_T1!C11,2)&IF(rmsfe_Pivot_T1!AO11=1,"**",IF(rmsfe_Pivot_T1!U11=1,"*","")) -> 0,95 | E9: =ROUND(rmsfe_Pivot_T1!D11,2)&IF(rmsfe_Pivot_T1!AP11=1,"**",IF(rmsfe_Pivot_T1!V11=1,"*","")) -> 0,97 | F9: =ROUND(rmsfe_Pivot_T1!E11,2)&IF(rmsfe_Pivot_T1!AQ11=1,"**",IF(rmsfe_Pivot_T1!W11=1,"*","")) -> 1,06 | G9: =ROUND(rmsfe_Pivot_T1!F11,2)&IF(rmsfe_Pivot_T1!AR11=1,"**",IF(rmsfe_Pivot_T1!X11=1,"*","")) -> 1,06 | H9: =ROUND(rmsfe_Pivot_T1!G11,2)&IF(rmsfe_Pivot_T1!AS11=1,"**",IF(rmsfe_Pivot_T1!Y11=1,"*","")) -> 1,02 | I9: =ROUND(rmsfe_Pivot_T1!H11,2)&IF(rmsfe_Pivot_T1!AT11=1,"**",IF(rmsfe_Pivot_T1!Z11=1,"*","")) -> 1,09 | J9: =ROUND(rmsfe_Pivot_T1!I11,2)&IF(rmsfe_Pivot_T1!AU11=1,"**",IF(rmsfe_Pivot_T1!AA11=1,"*","")) -> 0,96* | ... Q9: =ROUND(rmsfe_Pivot_T1!P11,2)&IF(rmsfe_Pivot_T1!BB11=1,"**",IF(rmsfe_Pivot_T1!AH11=1,"*","")) -> 1,11 | R9: =rmsfe_Pivot_T1!AI11&"/"&rmsfe_Pivot_T1!BC11 -> 1/0
B10: =rmsfe_Pivot_T1!A12 -> SSSS | C10: =ROUND(rmsfe_Pivot_T1!B12,2)&IF(rmsfe_Pivot_T1!AN12=1,"**",IF(rmsfe_Pivot_T1!T12=1,"*","")) -> 1,18 | D10: =ROUND(rmsfe_Pivot_T1!C12,2)&IF(rmsfe_Pivot_T1!AO12=1,"**",IF(rmsfe_Pivot_T1!U12=1,"*","")) -> 0,98 | E10: =ROUND(rmsfe_Pivot_T1!D12,2)&IF(rmsfe_Pivot_T1!AP12=1,"**",IF(rmsfe_Pivot_T1!V12=1,"*","")) -> 1,39 | F10: =ROUND(rmsfe_Pivot_T1!E12,2)&IF(rmsfe_Pivot_T1!AQ12=1,"**",IF(rmsfe_Pivot_T1!W12=1,"*","")) -> 7,88 | G10: =ROUND(rmsfe_Pivot_T1!F12,2)&IF(rmsfe_Pivot_T1!AR12=1,"**",IF(rmsfe_Pivot_T1!X12=1,"*","")) -> 1,32 | H10: =ROUND(rmsfe_Pivot_T1!G12,2)&IF(rmsfe_Pivot_T1!AS12=1,"**",IF(rmsfe_Pivot_T1!Y12=1,"*","")) -> 1,07 | I10: =ROUND(rmsfe_Pivot_T1!H12,2)&IF(rmsfe_Pivot_T1!AT12=1,"**",IF(rmsfe_Pivot_T1!Z12=1,"*","")) -> 1,25 | J10: =ROUND(rmsfe_Pivot_T1!I12,2)&IF(rmsfe_Pivot_T1!AU12=1,"**",IF(rmsfe_Pivot_T1!AA12=1,"*","")) -> 0,98 | ... Q10: =ROUND(rmsfe_Pivot_T1!P12,2)&IF(rmsfe_Pivot_T1!BB12=1,"**",IF(rmsfe_Pivot_T1!AH12=1,"*","")) -> 1,26 | R10: =rmsfe_Pivot_T1!AI12&"/"&rmsfe_Pivot_T1!BC12 -> 0/0
B11: =rmsfe_Pivot_T1!A13 -> BMS | C11: =ROUND(rmsfe_Pivot_T1!B13,2)&IF(rmsfe_Pivot_T1!AN13=1,"**",IF(rmsfe_Pivot_T1!T13=1,"*","")) -> 1,13 | D11: =ROUND(rmsfe_Pivot_T1!C13,2)&IF(rmsfe_Pivot_T1!AO13=1,"**",IF(rmsfe_Pivot_T1!U13=1,"*","")) -> 0,97 | E11: =ROUND(rmsfe_Pivot_T1!D13,2)&IF(rmsfe_Pivot_T1!AP13=1,"**",IF(rmsfe_Pivot_T1!V13=1,"*","")) -> 1,23 | F11: =ROUND(rmsfe_Pivot_T1!E13,2)&IF(rmsfe_Pivot_T1!AQ13=1,"**",IF(rmsfe_Pivot_T1!W13=1,"*","")) -> 1,47 | G11: =ROUND(rmsfe_Pivot_T1!F13,2)&IF(rmsfe_Pivot_T1!AR13=1,"**",IF(rmsfe_Pivot_T1!X13=1,"*","")) -> 0,99 | H11: =ROUND(rmsfe_Pivot_T1!G13,2)&IF(rmsfe_Pivot_T1!AS13=1,"**",IF(rmsfe_Pivot_T1!Y13=1,"*","")) -> 1,15 | I11: =ROUND(rmsfe_Pivot_T1!H13,2)&IF(rmsfe_Pivot_T1!AT13=1,"**",IF(rmsfe_Pivot_T1!Z13=1,"*","")) -> 1,1 | J11: =ROUND(rmsfe_Pivot_T1!I13,2)&IF(rmsfe_Pivot_T1!AU13=1,"**",IF(rmsfe_Pivot_T1!AA13=1,"*","")) -> 0,92** | ... Q11: =ROUND(rmsfe_Pivot_T1!P13,2)&IF(rmsfe_Pivot_T1!BB13=1,"**",IF(rmsfe_Pivot_T1!AH13=1,"*","")) -> 1,27 | R11: =rmsfe_Pivot_T1!AI13&"/"&rmsfe_Pivot_T1!BC13 -> 1/1
B12: =rmsfe_Pivot_T1!A14 -> CC | C12: =ROUND(rmsfe_Pivot_T1!B14,2)&IF(rmsfe_Pivot_T1!AN14=1,"**",IF(rmsfe_Pivot_T1!T14=1,"*","")) -> 1,33 | D12: =ROUND(rmsfe_Pivot_T1!C14,2)&IF(rmsfe_Pivot_T1!AO14=1,"**",IF(rmsfe_Pivot_T1!U14=1,"*","")) -> 1 | E12: =ROUND(rmsfe_Pivot_T1!D14,2)&IF(rmsfe_Pivot_T1!AP14=1,"**",IF(rmsfe_Pivot_T1!V14=1,"*","")) -> 1,43 | F12: =ROUND(rmsfe_Pivot_T1!E14,2)&IF(rmsfe_Pivot_T1!AQ14=1,"**",IF(rmsfe_Pivot_T1!W14=1,"*","")) -> 2,93 | G12: =ROUND(rmsfe_Pivot_T1!F14,2)&IF(rmsfe_Pivot_T1!AR14=1,"**",IF(rmsfe_Pivot_T1!X14=1,"*","")) -> 0,99 | H12: =ROUND(rmsfe_Pivot_T1!G14,2)&IF(rmsfe_Pivot_T1!AS14=1,"**",IF(rmsfe_Pivot_T1!Y14=1,"*","")) -> 1,12 | I12: =ROUND(rmsfe_Pivot_T1!H14,2)&IF(rmsfe_Pivot_T1!AT14=1,"**",IF(rmsfe_Pivot_T1!Z14=1,"*","")) -> 1,1 | J12: =ROUND(rmsfe_Pivot_T1!I14,2)&IF(rmsfe_Pivot_T1!AU14=1,"**",IF(rmsfe_Pivot_T1!AA14=1,"*","")) -> 0,97 | ... Q12: =ROUND(rmsfe_Pivot_T1!P14,2)&IF(rmsfe_Pivot_T1!BB14=1,"**",IF(rmsfe_Pivot_T1!AH14=1,"*","")) -> 1,29 | R12: =rmsfe_Pivot_T1!AI14&"/"&rmsfe_Pivot_T1!BC14 -> 0/0
B13: Inflation
B14: =rmsfe_Pivot_T1!A16 -> ZS | C14: =ROUND(rmsfe_Pivot_T1!B16,2)&IF(rmsfe_Pivot_T1!AN16=1,"**",IF(rmsfe_Pivot_T1!T16=1,"*","")) -> 1 | D14: =ROUND(rmsfe_Pivot_T1!C16,2)&IF(rmsfe_Pivot_T1!AO16=1,"**",IF(rmsfe_Pivot_T1!U16=1,"*","")) -> 1 | E14: =ROUND(rmsfe_Pivot_T1!D16,2)&IF(rmsfe_Pivot_T1!AP16=1,"**",IF(rmsfe_Pivot_T1!V16=1,"*","")) -> 1 | F14: =ROUND(rmsfe_Pivot_T1!E16,2)&IF(rmsfe_Pivot_T1!AQ16=1,"**",IF(rmsfe_Pivot_T1!W16=1,"*","")) -> 1 | G14: =ROUND(rmsfe_Pivot_T1!F16,2)&IF(rmsfe_Pivot_T1!AR16=1,"**",IF(rmsfe_Pivot_T1!X16=1,"*","")) -> 1 | H14: =ROUND(rmsfe_Pivot_T1!G16,2)&IF(rmsfe_Pivot_T1!AS16=1,"**",IF(rmsfe_Pivot_T1!Y16=1,"*","")) -> 1 | I14: =ROUND(rmsfe_Pivot_T1!H16,2)&IF(rmsfe_Pivot_T1!AT16=1,"**",IF(rmsfe_Pivot_T1!Z16=1,"*","")) -> 1 | J14: =ROUND(rmsfe_Pivot_T1!I16,2)&IF(rmsfe_Pivot_T1!AU16=1,"**",IF(rmsfe_Pivot_T1!AA16=1,"*","")) -> 1 | ... Q14: =ROUND(rmsfe_Pivot_T1!P16,2)&IF(rmsfe_Pivot_T1!BB16=1,"**",IF(rmsfe_Pivot_T1!AH16=1,"*","")) -> 1 | R14: =rmsfe_Pivot_T1!AI16&"/"&rmsfe_Pivot_T1!BC16 -> 0/0
B15: =rmsfe_Pivot_T1!A17 -> ZS\&POOL | C15: =ROUND(rmsfe_Pivot_T1!B17,2)&IF(rmsfe_Pivot_T1!AN17=1,"**",IF(rmsfe_Pivot_T1!T17=1,"*","")) -> 0,84* | D15: =ROUND(rmsfe_Pivot_T1!C17,2)&IF(rmsfe_Pivot_T1!AO17=1,"**",IF(rmsfe_Pivot_T1!U17=1,"*","")) -> 0,98** | E15: =ROUND(rmsfe_Pivot_T1!D17,2)&IF(rmsfe_Pivot_T1!AP17=1,"**",IF(rmsfe_Pivot_T1!V17=1,"*","")) -> 1,01 | F15: =ROUND(rmsfe_Pivot_T1!E17,2)&IF(rmsfe_Pivot_T1!AQ17=1,"**",IF(rmsfe_Pivot_T1!W17=1,"*","")) -> 0,92** | G15: =ROUND(rmsfe_Pivot_T1!F17,2)&IF(rmsfe_Pivot_T1!AR17=1,"**",IF(rmsfe_Pivot_T1!X17=1,"*","")) -> 0,99 | H15: =ROUND(rmsfe_Pivot_T1!G17,2)&IF(rmsfe_Pivot_T1!AS17=1,"**",IF(rmsfe_Pivot_T1!Y17=1,"*","")) -> 1 | I15: =ROUND(rmsfe_Pivot_T1!H17,2)&IF(rmsfe_Pivot_T1!AT17=1,"**",IF(rmsfe_Pivot_T1!Z17=1,"*","")) -> 0,99 | J15: =ROUND(rmsfe_Pivot_T1!I17,2)&IF(rmsfe_Pivot_T1!AU17=1,"**",IF(rmsfe_Pivot_T1!AA17=1,"*","")) -> 1,01 | ... Q15: =ROUND(rmsfe_Pivot_T1!P17,2)&IF(rmsfe_Pivot_T1!BB17=1,"**",IF(rmsfe_Pivot_T1!AH17=1,"*","")) -> 0,99 | R15: =rmsfe_Pivot_T1!AI17&"/"&rmsfe_Pivot_T1!BC17 -> 7/5
B16: =rmsfe_Pivot_T1!A18 -> POOL | C16: =ROUND(rmsfe_Pivot_T1!B18,2)&IF(rmsfe_Pivot_T1!AN18=1,"**",IF(rmsfe_Pivot_T1!T18=1,"*","")) -> 0,88 | D16: =ROUND(rmsfe_Pivot_T1!C18,2)&IF(rmsfe_Pivot_T1!AO18=1,"**",IF(rmsfe_Pivot_T1!U18=1,"*","")) -> 0,98 | E16: =ROUND(rmsfe_Pivot_T1!D18,2)&IF(rmsfe_Pivot_T1!AP18=1,"**",IF(rmsfe_Pivot_T1!V18=1,"*","")) -> 0,99 | F16: =ROUND(rmsfe_Pivot_T1!E18,2)&IF(rmsfe_Pivot_T1!AQ18=1,"**",IF(rmsfe_Pivot_T1!W18=1,"*","")) -> 0,85** | G16: =ROUND(rmsfe_Pivot_T1!F18,2)&IF(rmsfe_Pivot_T1!AR18=1,"**",IF(rmsfe_Pivot_T1!X18=1,"*","")) -> 1,01 | H16: =ROUND(rmsfe_Pivot_T1!G18,2)&IF(rmsfe_Pivot_T1!AS18=1,"**",IF(rmsfe_Pivot_T1!Y18=1,"*","")) -> 1,02 | I16: =ROUND(rmsfe_Pivot_T1!H18,2)&IF(rmsfe_Pivot_T1!AT18=1,"**",IF(rmsfe_Pivot_T1!Z18=1,"*","")) -> 1,03 | J16: =ROUND(rmsfe_Pivot_T1!I18,2)&IF(rmsfe_Pivot_T1!AU18=1,"**",IF(rmsfe_Pivot_T1!AA18=1,"*","")) -> 1,02 | ... Q16: =ROUND(rmsfe_Pivot_T1!P18,2)&IF(rmsfe_Pivot_T1!BB18=1,"**",IF(rmsfe_Pivot_T1!AH18=1,"*","")) -> 1 | R16: =rmsfe_Pivot_T1!AI18&"/"&rmsfe_Pivot_T1!BC18 -> 2/2
B17: =rmsfe_Pivot_T1!A19 -> ZSGL | C17: =ROUND(rmsfe_Pivot_T1!B19,2)&IF(rmsfe_Pivot_T1!AN19=1,"**",IF(rmsfe_Pivot_T1!T19=1,"*","")) -> 0,86** | D17: =ROUND(rmsfe_Pivot_T1!C19,2)&IF(rmsfe_Pivot_T1!AO19=1,"**",IF(rmsfe_Pivot_T1!U19=1,"*","")) -> 1 | E17: =ROUND(rmsfe_Pivot_T1!D19,2)&IF(rmsfe_Pivot_T1!AP19=1,"**",IF(rmsfe_Pivot_T1!V19=1,"*","")) -> 0,98* | F17: =ROUND(rmsfe_Pivot_T1!E19,2)&IF(rmsfe_Pivot_T1!AQ19=1,"**",IF(rmsfe_Pivot_T1!W19=1,"*","")) -> 0,98 | G17: =ROUND(rmsfe_Pivot_T1!F19,2)&IF(rmsfe_Pivot_T1!AR19=1,"**",IF(rmsfe_Pivot_T1!X19=1,"*","")) -> 1 | H17: =ROUND(rmsfe_Pivot_T1!G19,2)&IF(rmsfe_Pivot_T1!AS19=1,"**",IF(rmsfe_Pivot_T1!Y19=1,"*","")) -> 1,01 | I17: =ROUND(rmsfe_Pivot_T1!H19,2)&IF(rmsfe_Pivot_T1!AT19=1,"**",IF(rmsfe_Pivot_T1!Z19=1,"*","")) -> 1,02 | J17: =ROUND(rmsfe_Pivot_T1!I19,2)&IF(rmsfe_Pivot_T1!AU19=1,"**",IF(rmsfe_Pivot_T1!AA19=1,"*","")) -> 1,02 | ... Q17: =ROUND(rmsfe_Pivot_T1!P19,2)&IF(rmsfe_Pivot_T1!BB19=1,"**",IF(rmsfe_Pivot_T1!AH19=1,"*","")) -> 1 | R17: =rmsfe_Pivot_T1!AI19&"/"&rmsfe_Pivot_T1!BC19 -> 3/2
B18: =rmsfe_Pivot_T1!A20 -> J | C18: =ROUND(rmsfe_Pivot_T1!B20,2)&IF(rmsfe_Pivot_T1!AN20=1,"**",IF(rmsfe_Pivot_T1!T20=1,"*","")) -> 0,78** | D18: =ROUND(rmsfe_Pivot_T1!C20,2)&IF(rmsfe_Pivot_T1!AO20=1,"**",IF(rmsfe_Pivot_T1!U20=1,"*","")) -> 1,13 | E18: =ROUND(rmsfe_Pivot_T1!D20,2)&IF(rmsfe_Pivot_T1!AP20=1,"**",IF(rmsfe_Pivot_T1!V20=1,"*","")) -> 1,04 | F18: =ROUND(rmsfe_Pivot_T1!E20,2)&IF(rmsfe_Pivot_T1!AQ20=1,"**",IF(rmsfe_Pivot_T1!W20=1,"*","")) -> 0,45** | G18: =ROUND(rmsfe_Pivot_T1!F20,2)&IF(rmsfe_Pivot_T1!AR20=1,"**",IF(rmsfe_Pivot_T1!X20=1,"*","")) -> 1,05 | H18: =ROUND(rmsfe_Pivot_T1!G20,2)&IF(rmsfe_Pivot_T1!AS20=1,"**",IF(rmsfe_Pivot_T1!Y20=1,"*","")) -> 0,95 | I18: =ROUND(rmsfe_Pivot_T1!H20,2)&IF(rmsfe_Pivot_T1!AT20=1,"**",IF(rmsfe_Pivot_T1!Z20=1,"*","")) -> 1,02 | J18: =ROUND(rmsfe_Pivot_T1!I20,2)&IF(rmsfe_Pivot_T1!AU20=1,"**",IF(rmsfe_Pivot_T1!AA20=1,"*","")) -> 1,12 | ... Q18: =ROUND(rmsfe_Pivot_T1!P20,2)&IF(rmsfe_Pivot_T1!BB20=1,"**",IF(rmsfe_Pivot_T1!AH20=1,"*","")) -> 1,05 | R18: =rmsfe_Pivot_T1!AI20&"/"&rmsfe_Pivot_T1!BC20 -> 4/4 | T18: =B18&"&"&C18&"&"&D18&"&"&E18&"&"&F18&"&"&G18&"&"&H18&"&"&I18&"&"&J18&"&"&K18&"&"&L18&"&"&M18&"&"&N18&"&"&O18&"&"&P18&"&"&Q18&"&"&R18&"\\" -> J&0,78**&1,13&1,04&0,45**&1,05&0,95&1,02&1,12&1,07&1,09&0,89**&0,97&1,07&0,83**&1,05&4/4\\
B19: =rmsfe_Pivot_T1!A21 -> BFCS | C19: =ROUND(rmsfe_Pivot_T1!B21,2)&IF(rmsfe_Pivot_T1!AN21=1,"**",IF(rmsfe_Pivot_T1!T21=1,"*","")) -> 3,85 | D19: =ROUND(rmsfe_Pivot_T1!C21,2)&IF(rmsfe_Pivot_T1!AO21=1,"**",IF(rmsfe_Pivot_T1!U21=1,"*","")) -> 1,21 | E19: =ROUND(rmsfe_Pivot_T1!D21,2)&IF(rmsfe_Pivot_T1!AP21=1,"**",IF(rmsfe_Pivot_T1!V21=1,"*","")) -> 1,21 | F19: =ROUND(rmsfe_Pivot_T1!E21,2)&IF(rmsfe_Pivot_T1!AQ21=1,"**",IF(rmsfe_Pivot_T1!W21=1,"*","")) -> 7,78 | G19: =ROUND(rmsfe_Pivot_T1!F21,2)&IF(rmsfe_Pivot_T1!AR21=1,"**",IF(rmsfe_Pivot_T1!X21=1,"*","")) -> 1,22 | H19: =ROUND(rmsfe_Pivot_T1!G21,2)&IF(rmsfe_Pivot_T1!AS21=1,"**",IF(rmsfe_Pivot_T1!Y21=1,"*","")) -> 1,67 | I19: =ROUND(rmsfe_Pivot_T1!H21,2)&IF(rmsfe_Pivot_T1!AT21=1,"**",IF(rmsfe_Pivot_T1!Z21=1,"*","")) -> 1,52 | J19: =ROUND(rmsfe_Pivot_T1!I21,2)&IF(rmsfe_Pivot_T1!AU21=1,"**",IF(rmsfe_Pivot_T1!AA21=1,"*","")) -> 1,21 | ... Q19: =ROUND(rmsfe_Pivot_T1!P21,2)&IF(rmsfe_Pivot_T1!BB21=1,"**",IF(rmsfe_Pivot_T1!AH21=1,"*","")) -> 1,22 | R19: =rmsfe_Pivot_T1!AI21&"/"&rmsfe_Pivot_T1!BC21 -> 0/0 | T19: =B19&"&"&C19&"&"&D19&"&"&E19&"&"&F19&"&"&G19&"&"&H19&"&"&I19&"&"&J19&"&"&K19&"&"&L19&"&"&M19&"&"&N19&"&"&O19&"&"&P19&"&"&Q19&"&"&R19&"\\" -> BFCS&3,85&1,21&1,21&7,78&1,22&1,67&1,52&1,21&1,75&2,2&1,06&2,86&1,13&6,54&1,22&0/0\\
B20: =rmsfe_Pivot_T1!A22 -> SSSS | C20: =ROUND(rmsfe_Pivot_T1!B22,2)&IF(rmsfe_Pivot_T1!AN22=1,"**",IF(rmsfe_Pivot_T1!T22=1,"*","")) -> 2,12 | D20: =ROUND(rmsfe_Pivot_T1!C22,2)&IF(rmsfe_Pivot_T1!AO22=1,"**",IF(rmsfe_Pivot_T1!U22=1,"*","")) -> 1,33 | E20: =ROUND(rmsfe_Pivot_T1!D22,2)&IF(rmsfe_Pivot_T1!AP22=1,"**",IF(rmsfe_Pivot_T1!V22=1,"*","")) -> 0,9** | F20: =ROUND(rmsfe_Pivot_T1!E22,2)&IF(rmsfe_Pivot_T1!AQ22=1,"**",IF(rmsfe_Pivot_T1!W22=1,"*","")) -> 3,31 | G20: =ROUND(rmsfe_Pivot_T1!F22,2)&IF(rmsfe_Pivot_T1!AR22=1,"**",IF(rmsfe_Pivot_T1!X22=1,"*","")) -> 0,98 | H20: =ROUND(rmsfe_Pivot_T1!G22,2)&IF(rmsfe_Pivot_T1!AS22=1,"**",IF(rmsfe_Pivot_T1!Y22=1,"*","")) -> 1 | I20: =ROUND(rmsfe_Pivot_T1!H22,2)&IF(rmsfe_Pivot_T1!AT22=1,"**",IF(rmsfe_Pivot_T1!Z22=1,"*","")) -> 1,12 | J20: =ROUND(rmsfe_Pivot_T1!I22,2)&IF(rmsfe_Pivot_T1!AU22=1,"**",IF(rmsfe_Pivot_T1!AA22=1,"*","")) -> 1,15 | ... Q20: =ROUND(rmsfe_Pivot_T1!P22,2)&IF(rmsfe_Pivot_T1!BB22=1,"**",IF(rmsfe_Pivot_T1!AH22=1,"*","")) -> 0,99 | R20: =rmsfe_Pivot_T1!AI22&"/"&rmsfe_Pivot_T1!BC22 -> 1/1
B21: =rmsfe_Pivot_T1!A23 -> BMS | C21: =ROUND(rmsfe_Pivot_T1!B23,2)&IF(rmsfe_Pivot_T1!AN23=1,"**",IF(rmsfe_Pivot_T1!T23=1,"*","")) -> 2,09 | D21: =ROUND(rmsfe_Pivot_T1!C23,2)&IF(rmsfe_Pivot_T1!AO23=1,"**",IF(rmsfe_Pivot_T1!U23=1,"*","")) -> 1,05 | E21: =ROUND(rmsfe_Pivot_T1!D23,2)&IF(rmsfe_Pivot_T1!AP23=1,"**",IF(rmsfe_Pivot_T1!V23=1,"*","")) -> 0,95 | F21: =ROUND(rmsfe_Pivot_T1!E23,2)&IF(rmsfe_Pivot_T1!AQ23=1,"**",IF(rmsfe_Pivot_T1!W23=1,"*","")) -> 4,92 | G21: =ROUND(rmsfe_Pivot_T1!F23,2)&IF(rmsfe_Pivot_T1!AR23=1,"**",IF(rmsfe_Pivot_T1!X23=1,"*","")) -> 1 | H21: =ROUND(rmsfe_Pivot_T1!G23,2)&IF(rmsfe_Pivot_T1!AS23=1,"**",IF(rmsfe_Pivot_T1!Y23=1,"*","")) -> 1,18 | I21: =ROUND(rmsfe_Pivot_T1!H23,2)&IF(rmsfe_Pivot_T1!AT23=1,"**",IF(rmsfe_Pivot_T1!Z23=1,"*","")) -> 1,42 | J21: =ROUND(rmsfe_Pivot_T1!I23,2)&IF(rmsfe_Pivot_T1!AU23=1,"**",IF(rmsfe_Pivot_T1!AA23=1,"*","")) -> 0,94** | ... Q21: =ROUND(rmsfe_Pivot_T1!P23,2)&IF(rmsfe_Pivot_T1!BB23=1,"**",IF(rmsfe_Pivot_T1!AH23=1,"*","")) -> 1,1 | R21: =rmsfe_Pivot_T1!AI23&"/"&rmsfe_Pivot_T1!BC23 -> 1/1
B22: =rmsfe_Pivot_T1!A24 -> CC | C22: =ROUND(rmsfe_Pivot_T1!B24,2)&IF(rmsfe_Pivot_T1!AN24=1,"**",IF(rmsfe_Pivot_T1!T24=1,"*","")) -> 3,55 | D22: =ROUND(rmsfe_Pivot_T1!C24,2)&IF(rmsfe_Pivot_T1!AO24=1,"**",IF(rmsfe_Pivot_T1!U24=1,"*","")) -> 1,11 | E22: =ROUND(rmsfe_Pivot_T1!D24,2)&IF(rmsfe_Pivot_T1!AP24=1,"**",IF(rmsfe_Pivot_T1!V24=1,"*","")) -> 0,96 | F22: =ROUND(rmsfe_Pivot_T1!E24,2)&IF(rmsfe_Pivot_T1!AQ24=1,"**",IF(rmsfe_Pivot_T1!W24=1,"*","")) -> 7,59 | G22: =ROUND(rmsfe_Pivot_T1!F24,2)&IF(rmsfe_Pivot_T1!AR24=1,"**",IF(rmsfe_Pivot_T1!X24=1,"*","")) -> 0,99 | H22: =ROUND(rmsfe_Pivot_T1!G24,2)&IF(rmsfe_Pivot_T1!AS24=1,"**",IF(rmsfe_Pivot_T1!Y24=1,"*","")) -> 1,42 | I22: =ROUND(rmsfe_Pivot_T1!H24,2)&IF(rmsfe_Pivot_T1!AT24=1,"**",IF(rmsfe_Pivot_T1!Z24=1,"*","")) -> 1,38 | J22: =ROUND(rmsfe_Pivot_T1!I24,2)&IF(rmsfe_Pivot_T1!AU24=1,"**",IF(rmsfe_Pivot_T1!AA24=1,"*","")) -> 1,2 | ... Q22: =ROUND(rmsfe_Pivot_T1!P24,2)&IF(rmsfe_Pivot_T1!BB24=1,"**",IF(rmsfe_Pivot_T1!AH24=1,"*","")) -> 0,96 | R22: =rmsfe_Pivot_T1!AI24&"/"&rmsfe_Pivot_T1!BC24 -> 0/0
B23: Interest rate
B24: =rmsfe_Pivot_T1!A26 -> ZS | C24: =ROUND(rmsfe_Pivot_T1!B26,2)&IF(rmsfe_Pivot_T1!AN26=1,"**",IF(rmsfe_Pivot_T1!T26=1,"*","")) -> 1 | D24: =ROUND(rmsfe_Pivot_T1!C26,2)&IF(rmsfe_Pivot_T1!AO26=1,"**",IF(rmsfe_Pivot_T1!U26=1,"*","")) -> 1 | E24: =ROUND(rmsfe_Pivot_T1!D26,2)&IF(rmsfe_Pivot_T1!AP26=1,"**",IF(rmsfe_Pivot_T1!V26=1,"*","")) -> 1 | F24: =ROUND(rmsfe_Pivot_T1!E26,2)&IF(rmsfe_Pivot_T1!AQ26=1,"**",IF(rmsfe_Pivot_T1!W26=1,"*","")) -> 1 | G24: =ROUND(rmsfe_Pivot_T1!F26,2)&IF(rmsfe_Pivot_T1!AR26=1,"**",IF(rmsfe_Pivot_T1!X26=1,"*","")) -> 1 | H24: =ROUND(rmsfe_Pivot_T1!G26,2)&IF(rmsfe_Pivot_T1!AS26=1,"**",IF(rmsfe_Pivot_T1!Y26=1,"*","")) -> 1 | I24: =ROUND(rmsfe_Pivot_T1!H26,2)&IF(rmsfe_Pivot_T1!AT26=1,"**",IF(rmsfe_Pivot_T1!Z26=1,"*","")) -> 1 | J24: =ROUND(rmsfe_Pivot_T1!I26,2)&IF(rmsfe_Pivot_T1!AU26=1,"**",IF(rmsfe_Pivot_T1!AA26=1,"*","")) -> 1 | ... Q24: =ROUND(rmsfe_Pivot_T1!P26,2)&IF(rmsfe_Pivot_T1!BB26=1,"**",IF(rmsfe_Pivot_T1!AH26=1,"*","")) -> 1 | R24: =rmsfe_Pivot_T1!AI26&"/"&rmsfe_Pivot_T1!BC26 -> 0/0 | U24: =7+4+2 -> 13 | V24: =6+4+1 -> 11
B25: =rmsfe_Pivot_T1!A27 -> ZS\&POOL | C25: =ROUND(rmsfe_Pivot_T1!B27,2)&IF(rmsfe_Pivot_T1!AN27=1,"**",IF(rmsfe_Pivot_T1!T27=1,"*","")) -> 0,74* | D25: =ROUND(rmsfe_Pivot_T1!C27,2)&IF(rmsfe_Pivot_T1!AO27=1,"**",IF(rmsfe_Pivot_T1!U27=1,"*","")) -> 1,03 | E25: =ROUND(rmsfe_Pivot_T1!D27,2)&IF(rmsfe_Pivot_T1!AP27=1,"**",IF(rmsfe_Pivot_T1!V27=1,"*","")) -> 0,96 | F25: =ROUND(rmsfe_Pivot_T1!E27,2)&IF(rmsfe_Pivot_T1!AQ27=1,"**",IF(rmsfe_Pivot_T1!W27=1,"*","")) -> 0,89** | G25: =ROUND(rmsfe_Pivot_T1!F27,2)&IF(rmsfe_Pivot_T1!AR27=1,"**",IF(rmsfe_Pivot_T1!X27=1,"*","")) -> 0,92 | H25: =ROUND(rmsfe_Pivot_T1!G27,2)&IF(rmsfe_Pivot_T1!AS27=1,"**",IF(rmsfe_Pivot_T1!Y27=1,"*","")) -> 0,96** | I25: =ROUND(rmsfe_Pivot_T1!H27,2)&IF(rmsfe_Pivot_T1!AT27=1,"**",IF(rmsfe_Pivot_T1!Z27=1,"*","")) -> 0,94** | J25: =ROUND(rmsfe_Pivot_T1!I27,2)&IF(rmsfe_Pivot_T1!AU27=1,"**",IF(rmsfe_Pivot_T1!AA27=1,"*","")) -> 1,05 | ... Q25: =ROUND(rmsfe_Pivot_T1!P27,2)&IF(rmsfe_Pivot_T1!BB27=1,"**",IF(rmsfe_Pivot_T1!AH27=1,"*","")) -> 0,93** | R25: =rmsfe_Pivot_T1!AI27&"/"&rmsfe_Pivot_T1!BC27 -> 8/7
B26: =rmsfe_Pivot_T1!A28 -> POOL | C26: =ROUND(rmsfe_Pivot_T1!B28,2)&IF(rmsfe_Pivot_T1!AN28=1,"**",IF(rmsfe_Pivot_T1!T28=1,"*","")) -> 0,61** | D26: =ROUND(rmsfe_Pivot_T1!C28,2)&IF(rmsfe_Pivot_T1!AO28=1,"**",IF(rmsfe_Pivot_T1!U28=1,"*","")) -> 0,93** | E26: =ROUND(rmsfe_Pivot_T1!D28,2)&IF(rmsfe_Pivot_T1!AP28=1,"**",IF(rmsfe_Pivot_T1!V28=1,"*","")) -> 0,98 | F26: =ROUND(rmsfe_Pivot_T1!E28,2)&IF(rmsfe_Pivot_T1!AQ28=1,"**",IF(rmsfe_Pivot_T1!W28=1,"*","")) -> 0,78** | G26: =ROUND(rmsfe_Pivot_T1!F28,2)&IF(rmsfe_Pivot_T1!AR28=1,"**",IF(rmsfe_Pivot_T1!X28=1,"*","")) -> 0,97 | H26: =ROUND(rmsfe_Pivot_T1!G28,2)&IF(rmsfe_Pivot_T1!AS28=1,"**",IF(rmsfe_Pivot_T1!Y28=1,"*","")) -> 1 | I26: =ROUND(rmsfe_Pivot_T1!H28,2)&IF(rmsfe_Pivot_T1!AT28=1,"**",IF(rmsfe_Pivot_T1!Z28=1,"*","")) -> 1 | J26: =ROUND(rmsfe_Pivot_T1!I28,2)&IF(rmsfe_Pivot_T1!AU28=1,"**",IF(rmsfe_Pivot_T1!AA28=1,"*","")) -> 1 | ... Q26: =ROUND(rmsfe_Pivot_T1!P28,2)&IF(rmsfe_Pivot_T1!BB28=1,"**",IF(rmsfe_Pivot_T1!AH28=1,"*","")) -> 0,94** | R26: =rmsfe_Pivot_T1!AI28&"/"&rmsfe_Pivot_T1!BC28 -> 6/6
B27: =rmsfe_Pivot_T1!A29 -> ZSGL | C27: =ROUND(rmsfe_Pivot_T1!B29,2)&IF(rmsfe_Pivot_T1!AN29=1,"**",IF(rmsfe_Pivot_T1!T29=1,"*","")) -> 0,78** | D27: =ROUND(rmsfe_Pivot_T1!C29,2)&IF(rmsfe_Pivot_T1!AO29=1,"**",IF(rmsfe_Pivot_T1!U29=1,"*","")) -> 0,97** | E27: =ROUND(rmsfe_Pivot_T1!D29,2)&IF(rmsfe_Pivot_T1!AP29=1,"**",IF(rmsfe_Pivot_T1!V29=1,"*","")) -> 1,02 | F27: =ROUND(rmsfe_Pivot_T1!E29,2)&IF(rmsfe_Pivot_T1!AQ29=1,"**",IF(rmsfe_Pivot_T1!W29=1,"*","")) -> 0,95* | G27: =ROUND(rmsfe_Pivot_T1!F29,2)&IF(rmsfe_Pivot_T1!AR29=1,"**",IF(rmsfe_Pivot_T1!X29=1,"*","")) -> 0,94** | H27: =ROUND(rmsfe_Pivot_T1!G29,2)&IF(rmsfe_Pivot_T1!AS29=1,"**",IF(rmsfe_Pivot_T1!Y29=1,"*","")) -> 0,98 | I27: =ROUND(rmsfe_Pivot_T1!H29,2)&IF(rmsfe_Pivot_T1!AT29=1,"**",IF(rmsfe_Pivot_T1!Z29=1,"*","")) -> 0,99* | J27: =ROUND(rmsfe_Pivot_T1!I29,2)&IF(rmsfe_Pivot_T1!AU29=1,"**",IF(rmsfe_Pivot_T1!AA29=1,"*","")) -> 0,93** | ... Q27: =ROUND(rmsfe_Pivot_T1!P29,2)&IF(rmsfe_Pivot_T1!BB29=1,"**",IF(rmsfe_Pivot_T1!AH29=1,"*","")) -> 1,02 | R27: =rmsfe_Pivot_T1!AI29&"/"&rmsfe_Pivot_T1!BC29 -> 9/7
B28: =rmsfe_Pivot_T1!A30 -> J | C28: =ROUND(rmsfe_Pivot_T1!B30,2)&IF(rmsfe_Pivot_T1!AN30=1,"**",IF(rmsfe_Pivot_T1!T30=1,"*","")) -> 0,35** | D28: =ROUND(rmsfe_Pivot_T1!C30,2)&IF(rmsfe_Pivot_T1!AO30=1,"**",IF(rmsfe_Pivot_T1!U30=1,"*","")) -> 0,89** | E28: =ROUND(rmsfe_Pivot_T1!D30,2)&IF(rmsfe_Pivot_T1!AP30=1,"**",IF(rmsfe_Pivot_T1!V30=1,"*","")) -> 0,94 | F28: =ROUND(rmsfe_Pivot_T1!E30,2)&IF(rmsfe_Pivot_T1!AQ30=1,"**",IF(rmsfe_Pivot_T1!W30=1,"*","")) -> 0,2** | G28: =ROUND(rmsfe_Pivot_T1!F30,2)&IF(rmsfe_Pivot_T1!AR30=1,"**",IF(rmsfe_Pivot_T1!X30=1,"*","")) -> 0,83* | H28: =ROUND(rmsfe_Pivot_T1!G30,2)&IF(rmsfe_Pivot_T1!AS30=1,"**",IF(rmsfe_Pivot_T1!Y30=1,"*","")) -> 0,98 | I28: =ROUND(rmsfe_Pivot_T1!H30,2)&IF(rmsfe_Pivot_T1!AT30=1,"**",IF(rmsfe_Pivot_T1!Z30=1,"*","")) -> 1,06 | J28: =ROUND(rmsfe_Pivot_T1!I30,2)&IF(rmsfe_Pivot_T1!AU30=1,"**",IF(rmsfe_Pivot_T1!AA30=1,"*","")) -> 0,97 | ... Q28: =ROUND(rmsfe_Pivot_T1!P30,2)&IF(rmsfe_Pivot_T1!BB30=1,"**",IF(rmsfe_Pivot_T1!AH30=1,"*","")) -> 0,81** | R28: =rmsfe_Pivot_T1!AI30&"/"&rmsfe_Pivot_T1!BC30 -> 7/6 | T28: =B28&"&"&C28&"&"&D28&"&"&E28&"&"&F28&"&"&G28&"&"&H28&"&"&I28&"&"&J28&"&"&K28&"&"&L28&"&"&M28&"&"&N28&"&"&O28&"&"&P28&"&"&Q28&"&"&R28&"\\" -> J&0,35**&0,89**&0,94&0,2**&0,83*&0,98&1,06&0,97&1,02&0,76**&0,99&0,98&0,97&0,39**&0,81**&7/6\\
B29: =rmsfe_Pivot_T1!A31 -> BFCS | C29: =ROUND(rmsfe_Pivot_T1!B31,2)&IF(rmsfe_Pivot_T1!AN31=1,"**",IF(rmsfe_Pivot_T1!T31=1,"*","")) -> 2,53 | D29: =ROUND(rmsfe_Pivot_T1!C31,2)&IF(rmsfe_Pivot_T1!AO31=1,"**",IF(rmsfe_Pivot_T1!U31=1,"*","")) -> 6,06 | E29: =ROUND(rmsfe_Pivot_T1!D31,2)&IF(rmsfe_Pivot_T1!AP31=1,"**",IF(rmsfe_Pivot_T1!V31=1,"*","")) -> 3,89 | F29: =ROUND(rmsfe_Pivot_T1!E31,2)&IF(rmsfe_Pivot_T1!AQ31=1,"**",IF(rmsfe_Pivot_T1!W31=1,"*","")) -> 5,97 | G29: =ROUND(rmsfe_Pivot_T1!F31,2)&IF(rmsfe_Pivot_T1!AR31=1,"**",IF(rmsfe_Pivot_T1!X31=1,"*","")) -> 8,21 | H29: =ROUND(rmsfe_Pivot_T1!G31,2)&IF(rmsfe_Pivot_T1!AS31=1,"**",IF(rmsfe_Pivot_T1!Y31=1,"*","")) -> 5,42 | I29: =ROUND(rmsfe_Pivot_T1!H31,2)&IF(rmsfe_Pivot_T1!AT31=1,"**",IF(rmsfe_Pivot_T1!Z31=1,"*","")) -> 8,28 | J29: =ROUND(rmsfe_Pivot_T1!I31,2)&IF(rmsfe_Pivot_T1!AU31=1,"**",IF(rmsfe_Pivot_T1!AA31=1,"*","")) -> 5,29 | ... Q29: =ROUND(rmsfe_Pivot_T1!P31,2)&IF(rmsfe_Pivot_T1!BB31=1,"**",IF(rmsfe_Pivot_T1!AH31=1,"*","")) -> 5,9 | R29: =rmsfe_Pivot_T1!AI31&"/"&rmsfe_Pivot_T1!BC31 -> 0/0
B30: =rmsfe_Pivot_T1!A32 -> SSSS | C30: =ROUND(rmsfe_Pivot_T1!B32,2)&IF(rmsfe_Pivot_T1!AN32=1,"**",IF(rmsfe_Pivot_T1!T32=1,"*","")) -> 1,91 | D30: =ROUND(rmsfe_Pivot_T1!C32,2)&IF(rmsfe_Pivot_T1!AO32=1,"**",IF(rmsfe_Pivot_T1!U32=1,"*","")) -> 1,95 | E30: =ROUND(rmsfe_Pivot_T1!D32,2)&IF(rmsfe_Pivot_T1!AP32=1,"**",IF(rmsfe_Pivot_T1!V32=1,"*","")) -> 2,05 | F30: =ROUND(rmsfe_Pivot_T1!E32,2)&IF(rmsfe_Pivot_T1!AQ32=1,"**",IF(rmsfe_Pivot_T1!W32=1,"*","")) -> 2,29 | G30: =ROUND(rmsfe_Pivot_T1!F32,2)&IF(rmsfe_Pivot_T1!AR32=1,"**",IF(rmsfe_Pivot_T1!X32=1,"*","")) -> 2,04 | H30: =ROUND(rmsfe_Pivot_T1!G32,2)&IF(rmsfe_Pivot_T1!AS32=1,"**",IF(rmsfe_Pivot_T1!Y32=1,"*","")) -> 1,13 | I30: =ROUND(rmsfe_Pivot_T1!H32,2)&IF(rmsfe_Pivot_T1!AT32=1,"**",IF(rmsfe_Pivot_T1!Z32=1,"*","")) -> 1,98 | J30: =ROUND(rmsfe_Pivot_T1!I32,2)&IF(rmsfe_Pivot_T1!AU32=1,"**",IF(rmsfe_Pivot_T1!AA32=1,"*","")) -> 1,97 | ... Q30: =ROUND(rmsfe_Pivot_T1!P32,2)&IF(rmsfe_Pivot_T1!BB32=1,"**",IF(rmsfe_Pivot_T1!AH32=1,"*","")) -> 1,78 | R30: =rmsfe_Pivot_T1!AI32&"/"&rmsfe_Pivot_T1!BC32 -> 0/0
B31: =rmsfe_Pivot_T1!A33 -> BMS | C31: =ROUND(rmsfe_Pivot_T1!B33,2)&IF(rmsfe_Pivot_T1!AN33=1,"**",IF(rmsfe_Pivot_T1!T33=1,"*","")) -> 1,29 | D31: =ROUND(rmsfe_Pivot_T1!C33,2)&IF(rmsfe_Pivot_T1!AO33=1,"**",IF(rmsfe_Pivot_T1!U33=1,"*","")) -> 3,79 | E31: =ROUND(rmsfe_Pivot_T1!D33,2)&IF(rmsfe_Pivot_T1!AP33=1,"**",IF(rmsfe_Pivot_T1!V33=1,"*","")) -> 2,72 | F31: =ROUND(rmsfe_Pivot_T1!E33,2)&IF(rmsfe_Pivot_T1!AQ33=1,"**",IF(rmsfe_Pivot_T1!W33=1,"*","")) -> 4,98 | G31: =ROUND(rmsfe_Pivot_T1!F33,2)&IF(rmsfe_Pivot_T1!AR33=1,"**",IF(rmsfe_Pivot_T1!X33=1,"*","")) -> 3,62 | H31: =ROUND(rmsfe_Pivot_T1!G33,2)&IF(rmsfe_Pivot_T1!AS33=1,"**",IF(rmsfe_Pivot_T1!Y33=1,"*","")) -> 2,26 | I31: =ROUND(rmsfe_Pivot_T1!H33,2)&IF(rmsfe_Pivot_T1!AT33=1,"**",IF(rmsfe_Pivot_T1!Z33=1,"*","")) -> 3,85 | J31: =ROUND(rmsfe_Pivot_T1!I33,2)&IF(rmsfe_Pivot_T1!AU33=1,"**",IF(rmsfe_Pivot_T1!AA33=1,"*","")) -> 3,48 | ... Q31: =ROUND(rmsfe_Pivot_T1!P33,2)&IF(rmsfe_Pivot_T1!BB33=1,"**",IF(rmsfe_Pivot_T1!AH33=1,"*","")) -> 3,07 | R31: =rmsfe_Pivot_T1!AI33&"/"&rmsfe_Pivot_T1!BC33 -> 0/0
B32: =rmsfe_Pivot_T1!A34 -> CC | C32: =ROUND(rmsfe_Pivot_T1!B34,2)&IF(rmsfe_Pivot_T1!AN34=1,"**",IF(rmsfe_Pivot_T1!T34=1,"*","")) -> 2,22 | D32: =ROUND(rmsfe_Pivot_T1!C34,2)&IF(rmsfe_Pivot_T1!AO34=1,"**",IF(rmsfe_Pivot_T1!U34=1,"*","")) -> 5,35 | E32: =ROUND(rmsfe_Pivot_T1!D34,2)&IF(rmsfe_Pivot_T1!AP34=1,"**",IF(rmsfe_Pivot_T1!V34=1,"*","")) -> 3,6 | F32: =ROUND(rmsfe_Pivot_T1!E34,2)&IF(rmsfe_Pivot_T1!AQ34=1,"**",IF(rmsfe_Pivot_T1!W34=1,"*","")) -> 5,08 | G32: =ROUND(rmsfe_Pivot_T1!F34,2)&IF(rmsfe_Pivot_T1!AR34=1,"**",IF(rmsfe_Pivot_T1!X34=1,"*","")) -> 5,41 | H32: =ROUND(rmsfe_Pivot_T1!G34,2)&IF(rmsfe_Pivot_T1!AS34=1,"**",IF(rmsfe_Pivot_T1!Y34=1,"*","")) -> 2,18 | I32: =ROUND(rmsfe_Pivot_T1!H34,2)&IF(rmsfe_Pivot_T1!AT34=1,"**",IF(rmsfe_Pivot_T1!Z34=1,"*","")) -> 5,72 | J32: =ROUND(rmsfe_Pivot_T1!I34,2)&IF(rmsfe_Pivot_T1!AU34=1,"**",IF(rmsfe_Pivot_T1!AA34=1,"*","")) -> 5,03 | ... Q32: =ROUND(rmsfe_Pivot_T1!P34,2)&IF(rmsfe_Pivot_T1!BB34=1,"**",IF(rmsfe_Pivot_T1!AH34=1,"*","")) -> 3,82 | R32: =rmsfe_Pivot_T1!AI34&"/"&rmsfe_Pivot_T1!BC34 -> 0/0

Sheet pvalR
A1: OriginalVariableNames | B1: T_1 | C1: T_2 | D1: T_3 | E1: T_4 | F1: T_5 | G1: T_6 | H1: T_7 | I1: T_8 | J1: varcell | K1: speccell | L1: cuntcell | M1: dataspeccell
A2: y_DE_N15G3f_spec02 | J2: y | K2: spec02 | L2: DE | M2: N15G3f
A3: y_DE_N15G3f_spec01 | B3: 0.34944555 | C3: 0.6964605 | D3: 0.28625758 | E3: 0.17951037 | F3: 0.52521878 | G3: 0.34610489 | H3: 0.24183013 | I3: 0.17528815 | J3: y | K3: spec01 | L3: DE | M3: N15G3f
A4: y_DE_N15G3f_spec04 | B4: 0.26244487 | C4: 0.90865096 | D4: 0.49432843 | E4: 0.16002124 | F4: 0.57795875 | G4: 0.35529655 | H4: 0.13941368 | I4: 0.84118328 | J4: y | K4: spec04 | L4: DE | M4: N15G3f
A5: y_DE_N15G3f_spec07 | B5: 0.83584222 | C5: 0.87479756 | D5: 0.83320356 | E5: 0.94226278 | F5: 0.91757384 | G5: 0.92649852 | H5: 0.96628741 | I5: 0.94927222 | J5: y | K5: spec07 | L5: DE | M5: N15G3f
A6: y_DE_N15G3f_spec08 | B6: 0.24163806 | C6: 0.85545927 | D6: 0.60881644 | E6: 0.098094875 | F6: 0.20798903 | G6: 0.098116427 | H6: 0.11445303 | I6: 0.62539829 | J6: y | K6: spec08 | L6: DE | M6: N15G3f
A7: y_DE_N15G3f_spec09 | B7: 0.047455207 | C7: 0.62068759 | D7: 0.30408274 | E7: 0.42777127 | F7: 0.44156693 | G7: 0.84020346 | H7: 0.91397169 | I7: 0.66262245 | J7: y | K7: spec09 | L7: DE | M7: N15G3f
A8: y_DE_N15G3f_spec10 | B8: 0.38574196 | C8: 0.89942126 | D8: 0.8891789 | E8: 0.90693278 | F8: 0.89862877 | G8: 0.89868885 | H8: 0.92757697 | I8: 0.912561 | J8: y | K8: spec10 | L8: DE | M8: N15G3f
A9: y_DE_N15G3f_spec03 | B9: 0.7015205 | C9: 0.9698889 | D9: 0.81160202 | E9: 0.38144073 | F9: 0.22359955 | G9: 0.27631387 | H9: 0.38194808 | I9: 0.37245128 | J9: y | K9: spec03 | L9: DE | M9: N15G3f
A10: y_FR_N15G3f_spec02 | J10: y | K10: spec02 | L10: FR | M10: N15G3f
A11: y_FR_N15G3f_spec01 | B11: 0.61017391 | C11: 0.62610803 | D11: 0.91873466 | E11: 0.55582225 | F11: 0.13245206 | G11: 0.55962788 | H11: 0.049001888 | I11: 0.24469026 | J11: y | K11: spec01 | L11: FR | M11: N15G3f
A12: y_FR_N15G3f_spec04 | B12: 0.31352761 | C12: 0.91003608 | D12: 0.994557 | E12: 0.59693784 | F12: 0.13927043 | G12: 0.83578388 | H12: 0.67169953 | I12: 0.74715798 | J12: y | K12: spec04 | L12: FR | M12: N15G3f
A13: y_FR_N15G3f_spec07 | B13: 0.97040098 | C13: 0.97188351 | D13: 0.97816045 | E13: 0.9917306 | F13: 0.98893631 | G13: 0.99130383 | H13: 0.9753752 | I13: 0.97451303 | J13: y | K13: spec07 | L13: FR | M13: N15G3f
A14: y_FR_N15G3f_spec08 | B14: 0.99995407 | C14: 0.99817772 | D14: 0.99984832 | E14: 0.99948061 | F14: 0.99266732 | G14: 0.99578915 | H14: 0.96280244 | I14: 0.99391651 | J14: y | K14: spec08 | L14: FR | M14: N15G3f
A15: y_FR_N15G3f_spec09 | B15: 0.6896102 | C15: 0.838749 | D15: 0.96956641 | E15: 0.85314119 | F15: 0.8376386 | G15: 0.97763018 | H15: 0.95857697 | I15: 0.82349475 | J15: y | K15: spec09 | L15: FR | M15: N15G3f
A16: y_FR_N15G3f_spec10 | B16: 0.92256775 | C16: 0.91884607 | D16: 0.90808431 | E16: 0.90520307 | F16: 0.91197783 | G16: 0.91517766 | H16: 0.91029823 | I16: 0.91599933 | J16: y | K16: spec10 | L16: FR | M16: N15G3f
A17: y_FR_N15G3f_spec03 | B17: 0.72183235 | C17: 0.9469005 | D17: 0.93274866 | E17: 0.92122471 | F17: 0.61589621 | G17: 0.82296632 | H17: 0.70943493 | I17: 0.67122974 | J17: y | K17: spec03 | L17: FR | M17: N15G3f
A18: y_IT_N15G3f_spec02 | J18: y | K18: spec02 | L18: IT | M18: N15G3f
A19: y_IT_N15G3f_spec01 | B19: 0.40455446 | C19: 0.60827887 | D19: 0.85946067 | E19: 0.16470757 | F19: 0.77060972 | G19: 0.70753675 | H19: 0.85255726 | I19: 0.364449 | J19: y | K19: spec01 | L19: IT | M19: N15G3f
A20: y_IT_N15G3f_spec04 | B20: 0.86046763 | C20: 0.25969597 | D20: 0.30176253 | E20: 0.037476815 | F20: 0.5936454 | G20: 0.215181 | H20: 0.85521081 | I20: 0.13383286 | J20: y | K20: spec04 | L20: IT | M20: N15G3f
A21: y_IT_N15G3f_spec07 | B21: 0.94489733 | C21: 0.97574099 | D21: 0.96321806 | E21: 0.97721841 | F21: 0.98806779 | G21: 0.98390747 | H21: 0.98522513 | I21: 0.97605272 | J21: y | K21: spec07 | L21: IT | M21: N15G3f
A22: y_IT_N15G3f_spec08 | B22: 0.99999591 | C22: 0.99999677 | D22: 0.99999966 | E22: 0.99999952 | F22: 0.99999992 | G22: 0.99999678 | H22: 0.99999928 | I22: 0.9999997 | J22: y | K22: spec08 | L22: IT | M22: N15G3f
A23: y_IT_N15G3f_spec09 | B23: 0.93138121 | C23: 0.20446965 | D23: 0.8319509 | E23: 0.28224429 | F23: 0.98936672 | G23: 0.63173033 | H23: 0.94429907 | I23: 0.72421541 | J23: y | K23: spec09 | L23: IT | M23: N15G3f
A24: y_IT_N15G3f_spec10 | B24: 0.74945114 | C24: 0.93564292 | D24: 0.9242241 | E24: 0.91876545 | F24: 0.91749651 | G24: 0.91722538 | H24: 0.92273888 | I24: 0.92869383 | J24: y | K24: spec10 | L24: IT | M24: N15G3f
A25: y_IT_N15G3f_spec03 | B25: 0.034055136 | C25: 0.070063991 | D25: 0.30600851 | E25: 0.045616385 | F25: 0.11291125 | G25: 0.061639353 | H25: 0.072631824 | I25: 0.018890231 | J25: y | K25: spec03 | L25: IT | M25: N15G3f
A26: y_GB_N15G3f_spec02 | J26: y | K26: spec02 | L26: GB | M26: N15G3f
A27: y_GB_N15G3f_spec01 | B27: 0.063698681 | C27: 0.069637989 | D27: 0.019611778 | E27: 0.28137802 | F27: 0.53282687 | G27: 0.49341028 | H27: 0.95643509 | I27: 0.33918964 | J27: y | K27: spec01 | L27: GB | M27: N15G3f
A28: y_GB_N15G3f_spec04 | B28: 0.382846 | C28: 0.81568846 | D28: 0.14462962 | E28: 0.7291729 | F28: 0.56544682 | G28: 0.86475944 | H28: 0.48412431 | I28: 0.51833504 | J28: y | K28: spec04 | L28: GB | M28: N15G3f
A29: y_GB_N15G3f_spec07 | B29: 0.95523501 | C29: 0.89968002 | D29: 0.93459392 | E29: 0.9825031 | F29: 0.9938305 | G29: 0.98960199 | H29: 0.99960609 | I29: 0.97760341 | J29: y | K29: spec07 | L29: GB | M29: N15G3f
A30: y_GB_N15G3f_spec08 | B30: 0.93217093 | C30: 0.97044863 | D30: 0.79099473 | E30: 0.98433321 | F30: 0.99644244 | G30: 0.84034558 | H30: 0.92318725 | I30: 0.88641134 | J30: y | K30: spec08 | L30: GB | M30: N15G3f
A31: y_GB_N15G3f_spec09 | B31: 0.64480704 | C31: 0.81103324 | D31: 0.12198934 | E31: 0.79857332 | F31: 0.90102684 | G31: 0.99321734 | H31: 0.99200376 | I31: 0.62598871 | J31: y | K31: spec09 | L31: GB | M31: N15G3f
A32: y_GB_N15G3f_spec10 | B32: 0.95777617 | C32: 0.92764271 | D32: 0.92470021 | E32: 0.92459208 | F32: 0.93979841 | G32: 0.92867423 | H32: 0.95721759 | I32: 0.94348273 | J32: y | K32: spec10 | L32: GB | M32: N15G3f
A33: y_GB_N15G3f_spec03 | B33: 0.31195287 | C33: 0.7029564 | D33: 0.13510875 | E33: 0.73507377 | F33: 0.53287614 | G33: 0.26029736 | H33: 0.91455435 | I33: 0.27812048 | J33: y | K33: spec03 | L33: GB | M33: N15G3f
A34: y_US_N15G3f_spec02 | J34: y | K34: spec02 | L34: US | M34: N15G3f
A35: y_US_N15G3f_spec01 | B35: 0.22186865 | C35: 0.49255688 | D35: 0.57874029 | E35: 0.66337328 | F35: 0.065943119 | G35: 0.13246353 | H35: 0.2173922 | I35: 0.89036686 | J35: y | K35: spec01 | L35: US | M35: N15G3f
A36: y_US_N15G3f_spec04 | B36: 0.93191553 | C36: 0.80405362 | D36: 0.77087967 | E36: 0.92068362 | F36: 0.075651249 | G36: 0.40794194 | H36: 0.60374352 | I36: 0.63606326 | J36: y | K36: spec04 | L36: US | M36: N15G3f
A37: y_US_N15G3f_spec07 | B37: 0.93676398 | C37: 0.91051308 | D37: 0.98966274 | E37: 0.98843532 | F37: 0.97468886 | G37: 0.9864113 | H37: 0.99117407 | I37: 0.99194354 | J37: y | K37: spec07 | L37: US | M37: N15G3f
A38: y_US_N15G3f_spec08 | B38: 0.9884297 | C38: 0.99076043 | D38: 0.96746254 | E38: 0.92541727 | F38: 0.64934932 | G38: 0.48371822 | H38: 0.43658868 | I38: 0.890376 | J38: y | K38: spec08 | L38: US | M38: N15G3f
A39: y_US_N15G3f_spec09 | B39: 0.99930732 | C39: 0.85680246 | D39: 0.99064519 | E39: 0.88889282 | F39: 0.82881031 | G39: 0.980583 | H39: 0.83658956 | I39: 0.93440045 | J39: y | K39: spec09 | L39: US | M39: N15G3f
A40: y_US_N15G3f_spec10 | B40: 0.98850813 | C40: 0.92047386 | D40: 0.91717631 | E40: 0.9035977 | F40: 0.91100602 | G40: 0.90336694 | H40: 0.91331899 | I40: 0.92471157 | J40: y | K40: spec10 | L40: US | M40: N15G3f
A41: y_US_N15G3f_spec03 | B41: 0.92607637 | C41: 0.92972541 | D41: 0.9172052 | E41: 0.80375187 | F41: 0.65544022 | G41: 0.72552839 | H41: 0.81946376 | I41: 0.56109402 | J41: y | K41: spec03 | L41: US | M41: N15G3f
A42: y_CA_N15G3f_spec02 | J42: y | K42: spec02 | L42: CA | M42: N15G3f
A43: y_CA_N15G3f_spec01 | B43: 0.063924533 | C43: 0.22299606 | D43: 0.034348119 | E43: 0.029620117 | F43: 0.13253291 | G43: 0.015415703 | H43: 0.23561083 | I43: 0.021868756 | J43: y | K43: spec01 | L43: CA | M43: N15G3f
A44: y_CA_N15G3f_spec04 | B44: 0.029582209 | C44: 0.5509491 | D44: 0.57862865 | E44: 0.34727552 | F44: 0.9670318 | G44: 0.96171937 | H44: 0.77260634 | I44: 0.60461734 | J44: y | K44: spec04 | L44: CA | M44: N15G3f
A45: y_CA_N15G3f_spec07 | B45: 0.42348692 | C45: 0.86998704 | D45: 0.84857405 | E45: 0.85934999 | F45: 0.93323477 | G45: 0.95760203 | H45: 0.96178291 | I45: 0.98363551 | J45: y | K45: spec07 | L45: CA | M45: N15G3f
A46: y_CA_N15G3f_spec08 | B46: 0.98249882 | C46: 0.99359792 | D46: 0.89450911 | E46: 0.93111283 | F46: 0.99867141 | G46: 0.95106308 | H46: 0.99935699 | I46: 0.96870609 | J46: y | K46: spec08 | L46: CA | M46: N15G3f
A47: y_CA_N15G3f_spec09 | B47: 0.06365329 | C47: 0.97606421 | D47: 0.82667542 | E47: 0.4260149 | F47: 0.89979832 | G47: 0.998206 | H47: 0.99998828 | I47: 0.95103514 | J47: y | K47: spec09 | L47: CA | M47: N15G3f
A48: y_CA_N15G3f_spec10 | B48: 0.39316498 | C48: 0.91254649 | D48: 0.89794457 | E48: 0.88602605 | F48: 0.88983258 | G48: 0.8867344 | H48: 0.89053666 | I48: 0.89882847 | J48: y | K48: spec10 | L48: CA | M48: N15G3f
A49: y_CA_N15G3f_spec03 | B49: 0.18061897 | C49: 0.92302919 | D49: 0.66637084 | E49: 0.52012045 | F49: 0.81777341 | G49: 0.27765008 | H49: 0.73414813 | I49: 0.68317945 | J49: y | K49: spec03 | L49: CA | M49: N15G3f
A50: y_AG_N15G3f_spec02 | J50: y | K50: spec02 | L50: AG | M50: N15G3f
A51: y_AG_N15G3f_spec01 | B51: 0.13981685 | C51: 0.17545795 | D51: 0.069250368 | E51: 0.41941582 | F51: 0.88286226 | G51: 0.70279413 | H51: 0.099881772 | I51: 0.34007355 | J51: y | K51: spec01 | L51: AG | M51: N15G3f
A52: y_AG_N15G3f_spec04 | B52: 0.30044214 | C52: 0.30835094 | D52: 0.11998871 | E52: 0.25166238 | F52: 0.58836303 | G52: 0.41366848 | H52: 0.16585875 | I52: 0.46529668 | J52: y | K52: spec04 | L52: AG | M52: N15G3f
A53: y_AG_N15G3f_spec07 | B53: 0.98911756 | C53: 0.99278016 | D53: 0.9760667 | E53: 0.99382938 | F53: 0.997469 | G53: 0.9937014 | H53: 0.96556703 | I53: 0.97029231 | J53: y | K53: spec07 | L53: AG | M53: N15G3f
A54: y_AG_N15G3f_spec08 | B54: 0.8310758 | C54: 0.94329929 | D54: 0.9402121 | E54: 0.94666857 | F54: 0.92879128 | G54: 0.91435437 | H54: 0.85290217 | I54: 0.95721328 | J54: y | K54: spec08 | L54: AG | M54: N15G3f
A55: y_AG_N15G3f_spec09 | B55: 0.97392572 | C55: 0.82271967 | D55: 0.74989942 | E55: 0.93021176 | F55: 0.85854148 | G55: 0.85101094 | H55: 0.74750282 | I55: 0.91114205 | J55: y | K55: spec09 | L55: AG | M55: N15G3f
A56: y_AG_N15G3f_spec10 | B56: 0.99960858 | C56: 0.9946364 | D56: 0.98959724 | E56: 0.98935711 | F56: 0.9921037 | G56: 0.98768981 | H56: 0.96347611 | I56: 0.97620154 | J56: y | K56: spec10 | L56: AG | M56: N15G3f
A57: y_AG_N15G3f_spec03 | B57: 0.79013303 | C57: 0.52440893 | D57: 0.30376035 | E57: 0.97620188 | F57: 0.85704655 | G57: 0.63455034 | H57: 0.17149594 | I57: 0.37831803 | J57: y | K57: spec03 | L57: AG | M57: N15G3f
A58: y_BR_N15G3f_spec02 | J58: y | K58: spec02 | L58: BR | M58: N15G3f
A59: y_BR_N15G3f_spec01 | B59: 0.75643132 | C59: 0.91612645 | D59: 0.1501547 | E59: 0.22030451 | F59: 0.68824572 | G59: 0.84393754 | H59: 0.80535372 | I59: 0.4979616 | J59: y | K59: spec01 | L59: BR | M59: N15G3f
A60: y_BR_N15G3f_spec04 | B60: 0.97357171 | C60: 0.78690921 | D60: 0.28797535 | E60: 0.66754934 | F60: 0.50274642 | G60: 0.93204706 | H60: 0.50762465 | I60: 0.47532268 | J60: y | K60: spec04 | L60: BR | M60: N15G3f
A61: y_BR_N15G3f_spec07 | B61: 0.99998441 | C61: 0.99990034 | D61: 0.99769631 | E61: 0.99847653 | F61: 0.99861479 | G61: 0.99566216 | H61: 0.99296294 | I61: 0.97334522 | J61: y | K61: spec07 | L61: BR | M61: N15G3f
A62: y_BR_N15G3f_spec08 | B62: 1 | C62: 1 | D62: 1 | E62: 1 | F62: 0.99999999 | G62: 0.99999997 | H62: 0.99999981 | I62: 0.99999995 | J62: y | K62: spec08 | L62: BR | M62: N15G3f
A63: y_BR_N15G3f_spec09 | B63: 0.99643863 | C63: 0.9234411 | D63: 0.68529462 | E63: 0.95514091 | F63: 0.76275456 | G63: 0.99965013 | H63: 0.82715593 | I63: 0.95455003 | J63: y | K63: spec09 | L63: BR | M63: N15G3f
A64: y_BR_N15G3f_spec10 | B64: 0.99996466 | C64: 0.99693308 | D64: 0.98643386 | E64: 0.99018042 | F64: 0.98722608 | G64: 0.98530602 | H64: 0.99144997 | I64: 0.98894007 | J64: y | K64: spec10 | L64: BR | M64: N15G3f
A65: y_BR_N15G3f_spec03 | B65: 0.7642335 | C65: 0.96682075 | D65: 0.14766925 | E65: 0.53657925 | F65: 0.62949736 | G65: 0.90195188 | H65: 0.29676205 | I65: 0.49184558 | J65: y | K65: spec03 | L65: BR | M65: N15G3f
A66: y_MX_N15G3f_spec02 | J66: y | K66: spec02 | L66: MX | M66: N15G3f
A67: y_MX_N15G3f_spec01 | B67: 0.57015691 | C67: 0.64926106 | D67: 0.77341856 | E67: 0.54554625 | F67: 0.89313154 | G67: 0.37224668 | H67: 0.5346624 | I67: 0.28165393 | J67: y | K67: spec01 | L67: MX | M67: N15G3f
A68: y_MX_N15G3f_spec04 | B68: 0.89821274 | C68: 0.94605336 | D68: 0.92208129 | E68: 0.40414744 | F68: 0.96425291 | G68: 0.92396925 | H68: 0.82454565 | I68: 0.56495259 | J68: y | K68: spec04 | L68: MX | M68: N15G3f
A69: y_MX_N15G3f_spec07 | B69: 0.99483515 | C69: 0.99805964 | D69: 0.99257933 | E69: 0.99888517 | F69: 0.99879175 | G69: 0.99814369 | H69: 0.99882595 | I69: 0.99311905 | J69: y | K69: spec07 | L69: MX | M69: N15G3f
A70: y_MX_N15G3f_spec08 | B70: 1 | C70: 0.99999997 | D70: 0.99999999 | E70: 0.99999999 | F70: 1 | G70: 0.99999996 | H70: 0.99999996 | I70: 0.99999796 | J70: y | K70: spec08 | L70: MX | M70: N15G3f
A71: y_MX_N15G3f_spec09 | B71: 0.44124714 | C71: 0.69732963 | D71: 0.72266743 | E71: 0.30668012 | F71: 0.86119153 | G71: 0.9918194 | H71: 0.97099823 | I71: 0.79936275 | J71: y | K71: spec09 | L71: MX | M71: N15G3f
A72: y_MX_N15G3f_spec10 | B72: 0.98293777 | C72: 0.99211582 | D72: 0.98214004 | E72: 0.97082077 | F72: 0.9831535 | G72: 0.97659823 | H72: 0.98779463 | I72: 0.97967234 | J72: y | K72: spec10 | L72: MX | M72: N15G3f
A73: y_MX_N15G3f_spec03 | B73: 0.99415356 | C73: 0.91684023 | D73: 0.8906848 | E73: 0.86704953 | F73: 0.97419467 | G73: 0.87295586 | H73: 0.77972696 | I73: 0.66400207 | J73: y | K73: spec03 | L73: MX | M73: N15G3f
A74: y_CN_N15G3f_spec02 | J74: y | K74: spec02 | L74: CN | M74: N15G3f
A75: y_CN_N15G3f_spec01 | B75: 0.67410238 | C75: 0.31021308 | D75: 0.05604914 | E75: 0.73615507 | F75: 0.63631854 | G75: 0.88045716 | H75: 0.79567402 | I75: 0.59567076 | J75: y | K75: spec01 | L75: CN | M75: N15G3f
A76: y_CN_N15G3f_spec04 | B76: 0.11110691 | C76: 0.50237583 | D76: 0.016364772 | E76: 0.7457532 | F76: 0.71443098 | G76: 0.82759388 | H76: 0.93557271 | I76: 0.61648073 | J76: y | K76: spec04 | L76: CN | M76: N15G3f
A77: y_CN_N15G3f_spec07 | B77: 0.76304009 | C77: 0.86375013 | D77: 0.75737132 | E77: 0.94921179 | F77: 0.8575154 | G77: 0.92416071 | H77: 0.88314958 | I77: 0.91408999 | J77: y | K77: spec07 | L77: CN | M77: N15G3f
A78: y_CN_N15G3f_spec08 | B78: 0.99864534 | C78: 0.98071648 | D78: 0.57122112 | E78: 0.88102791 | F78: 0.6173568 | G78: 0.84346647 | H78: 0.57029714 | I78: 0.84753144 | J78: y | K78: spec08 | L78: CN | M78: N15G3f
A79: y_CN_N15G3f_spec09 | B79: 0.98419918 | C79: 0.97082393 | D79: 0.6543718 | E79: 0.99477651 | F79: 0.95479194 | G79: 0.95336667 | H79: 0.7993539 | I79: 0.9010023 | J79: y | K79: spec09 | L79: CN | M79: N15G3f
A80: y_CN_N15G3f_spec10 | B80: 0.76287605 | C80: 0.88655371 | D80: 0.87639859 | E80: 0.90374914 | F80: 0.87789221 | G80: 0.88705568 | H80: 0.87551155 | I80: 0.91703264 | J80: y | K80: spec10 | L80: CN | M80: N15G3f
A81: y_CN_N15G3f_spec03 | B81: 0.15189315 | C81: 0.055458938 | D81: 0.017326848 | E81: 0.81596435 | F81: 0.78815036 | G81: 0.82933934 | H81: 0.89031053 | I81: 0.48857916 | J81: y | K81: spec03 | L81: CN | M81: N15G3f
A82: y_JP_N15G3f_spec02 | J82: y | K82: spec02 | L82: JP | M82: N15G3f
A83: y_JP_N15G3f_spec01 | B83: 0.084765324 | C83: 0.42844653 | D83: 0.21906881 | E83: 0.24724606 | F83: 0.1142567 | G83: 0.32281376 | H83: 0.16255667 | I83: 0.79812158 | J83: y | K83: spec01 | L83: JP | M83: N15G3f
A84: y_JP_N15G3f_spec04 | B84: 0.11501795 | C84: 0.19875782 | D84: 0.022782934 | E84: 0.49121183 | F84: 0.27196979 | G84: 0.27337376 | H84: 0.58527101 | I84: 0.76503453 | J84: y | K84: spec04 | L84: JP | M84: N15G3f
A85: y_JP_N15G3f_spec07 | B85: 0.34531041 | C85: 0.74848054 | D85: 0.90288368 | E85: 0.99512772 | F85: 0.98181507 | G85: 0.92153583 | H85: 0.98340481 | I85: 0.99673059 | J85: y | K85: spec07 | L85: JP | M85: N15G3f
A86: y_JP_N15G3f_spec08 | B86: 0.4873872 | C86: 0.31043006 | D86: 0.11378065 | E86: 0.26455057 | F86: 0.17190104 | G86: 0.088152292 | H86: 0.43492407 | I86: 0.75824969 | J86: y | K86: spec08 | L86: JP | M86: N15G3f
A87: y_JP_N15G3f_spec09 | B87: 0.64326342 | C87: 0.27511765 | D87: 0.15359977 | E87: 0.063935296 | F87: 0.21107021 | G87: 0.082926718 | H87: 0.51013988 | I87: 0.91605164 | J87: y | K87: spec09 | L87: JP | M87: N15G3f
A88: y_JP_N15G3f_spec10 | B88: 0.66665231 | C88: 0.91520268 | D88: 0.91226123 | E88: 0.91190298 | F88: 0.90189356 | G88: 0.88809375 | H88: 0.90063864 | I88: 0.93754411 | J88: y | K88: spec10 | L88: JP | M88: N15G3f
A89: y_JP_N15G3f_spec03 | B89: 0.092740485 | C89: 0.28869822 | D89: 0.039398616 | E89: 0.1963007 | F89: 0.020862292 | G89: 0.25043657 | H89: 0.37354084 | I89: 0.22643373 | J89: y | K89: spec03 | L89: JP | M89: N15G3f
A90: y_AU_N15G3f_spec02 | J90: y | K90: spec02 | L90: AU | M90: N15G3f
A91: y_AU_N15G3f_spec01 | B91: 0.17265423 | C91: 0.25090615 | D91: 0.58230116 | E91: 0.0084913179 | F91: 0.74347901 | G91: 0.66235673 | H91: 0.37350616 | I91: 0.55288393 | J91: y | K91: spec01 | L91: AU | M91: N15G3f
A92: y_AU_N15G3f_spec04 | B92: 0.30477396 | C92: 0.16013433 | D92: 0.91212084 | E92: 0.24112797 | F92: 0.84071226 | G92: 0.8857647 | H92: 0.84273727 | I92: 0.93089113 | J92: y | K92: spec04 | L92: AU | M92: N15G3f
A93: y_AU_N15G3f_spec07 | B93: 0.936374 | C93: 0.9828926 | D93: 0.99564433 | E93: 0.99831029 | F93: 0.9949844 | G93: 0.98971149 | H93: 0.99995104 | I93: 0.99973763 | J93: y | K93: spec07 | L93: AU | M93: N15G3f
A94: y_AU_N15G3f_spec08 | B94: 0.99999647 | C94: 0.99791724 | D94: 0.96908059 | E94: 0.45924829 | F94: 0.98850854 | G94: 0.99875583 | H94: 0.99290737 | I94: 0.99357607 | J94: y | K94: spec08 | L94: AU | M94: N15G3f
A95: y_AU_N15G3f_spec09 | B95: 0.99894613 | C95: 0.99528521 | D95: 0.99987905 | E95: 0.99095029 | F95: 0.99987246 | G95: 0.99979539 | H95: 0.99999826 | I95: 0.99999877 | J95: y | K95: spec09 | L95: AU | M95: N15G3f
A96: y_AU_N15G3f_spec10 | B96: 0.92507161 | C96: 0.9214671 | D96: 0.92170042 | E96: 0.9052996 | F96: 0.89820494 | G96: 0.90077009 | H96: 0.91153332 | I96: 0.91069443 | J96: y | K96: spec10 | L96: AU | M96: N15G3f
A97: y_AU_N15G3f_spec03 | B97: 0.54551284 | C97: 0.70526308 | D97: 0.9960056 | E97: 0.41358181 | F97: 0.82941284 | G97: 0.99553948 | H97: 0.98865052 | I97: 0.77375905 | J97: y | K97: spec03 | L97: AU | M97: N15G3f
A98: y_AT_N15G3f_spec02 | J98: y | K98: spec02 | L98: AT | M98: N15G3f
A99: y_AT_N15G3f_spec01 | B99: 0.53081275 | C99: 0.20166057 | D99: 0.77151449 | E99: 0.39077355 | F99: 0.95262162 | G99: 0.34556379 | H99: 0.1135946 | I99: 0.98532465 | J99: y | K99: spec01 | L99: AT | M99: N15G3f
A100: y_AT_N15G3f_spec04 | B100: 0.64467427 | C100: 0.043828043 | D100: 0.90246076 | E100: 0.4037486 | F100: 0.21413201 | G100: 0.4439985 | H100: 0.07888614 | I100: 0.50680128 | J100: y | K100: spec04 | L100: AT | M100: N15G3f
...

Sheet pvalL
A1: OriginalVariableNames | B1: T_1 | C1: T_2 | D1: T_3 | E1: T_4 | F1: T_5 | G1: T_6 | H1: T_7 | I1: T_8 | J1: varcell | K1: speccell | L1: cuntcell | M1: dataspeccell
A2: y_DE_N15G3f_spec02 | J2: y | K2: spec02 | L2: DE | M2: N15G3f
A3: y_DE_N15G3f_spec01 | B3: 0.65055445 | C3: 0.3035395 | D3: 0.71374242 | E3: 0.82048963 | F3: 0.47478122 | G3: 0.65389511 | H3: 0.75816987 | I3: 0.82471185 | J3: y | K3: spec01 | L3: DE | M3: N15G3f
A4: y_DE_N15G3f_spec04 | B4: 0.73755513 | C4: 0.091349036 | D4: 0.50567157 | E4: 0.83997876 | F4: 0.42204125 | G4: 0.64470345 | H4: 0.86058632 | I4: 0.15881672 | J4: y | K4: spec04 | L4: DE | M4: N15G3f
A5: y_DE_N15G3f_spec07 | B5: 0.16415778 | C5: 0.12520244 | D5: 0.16679644 | E5: 0.057737216 | F5: 0.082426162 | G5: 0.073501481 | H5: 0.03371259 | I5: 0.050727779 | J5: y | K5: spec07 | L5: DE | M5: N15G3f
A6: y_DE_N15G3f_spec08 | B6: 0.75836194 | C6: 0.14454073 | D6: 0.39118356 | E6: 0.90190513 | F6: 0.79201097 | G6: 0.90188357 | H6: 0.88554697 | I6: 0.37460171 | J6: y | K6: spec08 | L6: DE | M6: N15G3f
A7: y_DE_N15G3f_spec09 | B7: 0.95254479 | C7: 0.37931241 | D7: 0.69591726 | E7: 0.57222873 | F7: 0.55843307 | G7: 0.15979654 | H7: 0.086028312 | I7: 0.33737755 | J7: y | K7: spec09 | L7: DE | M7: N15G3f
A8: y_DE_N15G3f_spec10 | B8: 0.61425804 | C8: 0.10057874 | D8: 0.1108211 | E8: 0.093067218 | F8: 0.10137123 | G8: 0.10131115 | H8: 0.072423027 | I8: 0.087439005 | J8: y | K8: spec10 | L8: DE | M8: N15G3f
A9: y_DE_N15G3f_spec03 | B9: 0.2984795 | C9: 0.030111103 | D9: 0.18839798 | E9: 0.61855927 | F9: 0.77640045 | G9: 0.72368613 | H9: 0.61805192 | I9: 0.62754872 | J9: y | K9: spec03 | L9: DE | M9: N15G3f
A10: y_FR_N15G3f_spec02 | J10: y | K10: spec02 | L10: FR | M10: N15G3f
A11: y_FR_N15G3f_spec01 | B11: 0.38982609 | C11: 0.37389197 | D11: 0.081265335 | E11: 0.44417775 | F11: 0.86754794 | G11: 0.44037212 | H11: 0.95099811 | I11: 0.75530974 | J11: y | K11: spec01 | L11: FR | M11: N15G3f
A12: y_FR_N15G3f_spec04 | B12: 0.68647239 | C12: 0.089963919 | D12: 0.0054429982 | E12: 0.40306216 | F12: 0.86072957 | G12: 0.16421612 | H12: 0.32830047 | I12: 0.25284202 | J12: y | K12: spec04 | L12: FR | M12: N15G3f
A13: y_FR_N15G3f_spec07 | B13: 0.029599019 | C13: 0.028116493 | D13: 0.021839546 | E13: 0.0082693979 | F13: 0.011063689 | G13: 0.0086961698 | H13: 0.024624804 | I13: 0.025486969 | J13: y | K13: spec07 | L13: FR | M13: N15G3f
A14: y_FR_N15G3f_spec08 | B14: 4.5927864e-05 | C14: 0.0018222824 | D14: 0.00015168382 | E14: 0.00051939049 | F14: 0.0073326801 | G14: 0.004210852 | H14: 0.037197559 | I14: 0.0060834865 | J14: y | K14: spec08 | L14: FR | M14: N15G3f
A15: y_FR_N15G3f_spec09 | B15: 0.3103898 | C15: 0.161251 | D15: 0.030433587 | E15: 0.14685881 | F15: 0.1623614 | G15: 0.022369821 | H15: 0.041423033 | I15: 0.17650525 | J15: y | K15: spec09 | L15: FR | M15: N15G3f
A16: y_FR_N15G3f_spec10 | B16: 0.077432255 | C16: 0.081153925 | D16: 0.091915691 | E16: 0.094796935 | F16: 0.088022168 | G16: 0.084822342 | H16: 0.089701769 | I16: 0.08400067 | J16: y | K16: spec10 | L16: FR | M16: N15G3f
A17: y_FR_N15G3f_spec03 | B17: 0.27816765 | C17: 0.053099502 | D17: 0.067251337 | E17: 0.07877529 | F17: 0.38410379 | G17: 0.17703368 | H17: 0.29056507 | I17: 0.32877026 | J17: y | K17: spec03 | L17: FR | M17: N15G3f
A18: y_IT_N15G3f_spec02 | J18: y | K18: spec02 | L18: IT | M18: N15G3f
A19: y_IT_N15G3f_spec01 | B19: 0.59544554 | C19: 0.39172113 | D19: 0.14053933 | E19: 0.83529243 | F19: 0.22939028 | G19: 0.29246325 | H19: 0.14744274 | I19: 0.635551 | J19: y | K19: spec01 | L19: IT | M19: N15G3f
A20: y_IT_N15G3f_spec04 | B20: 0.13953237 | C20: 0.74030403 | D20: 0.69823747 | E20: 0.96252318 | F20: 0.4063546 | G20: 0.784819 | H20: 0.14478919 | I20: 0.86616714 | J20: y | K20: spec04 | L20: IT | M20: N15G3f
A21: y_IT_N15G3f_spec07 | B21: 0.055102674 | C21: 0.024259015 | D21: 0.036781942 | E21: 0.02278159 | F21: 0.011932214 | G21: 0.016092527 | H21: 0.014774868 | I21: 0.023947278 | J21: y | K21: spec07 | L21: IT | M21: N15G3f
A22: y_IT_N15G3f_spec08 | B22: 4.089683e-06 | C22: 3.2319852e-06 | D22: 3.4267867e-07 | E22: 4.7630349e-07 | F22: 8.0170409e-08 | G22: 3.2233757e-06 | H22: 7.1569232e-07 | I22: 3.0183677e-07 | J22: y | K22: spec08 | L22: IT | M22: N15G3f
A23: y_IT_N15G3f_spec09 | B23: 0.068618794 | C23: 0.79553035 | D23: 0.1680491 | E23: 0.71775571 | F23: 0.010633281 | G23: 0.36826967 | H23: 0.055700928 | I23: 0.27578459 | J23: y | K23: spec09 | L23: IT | M23: N15G3f
A24: y_IT_N15G3f_spec10 | B24: 0.25054886 | C24: 0.064357085 | D24: 0.075775899 | E24: 0.081234554 | F24: 0.082503489 | G24: 0.082774617 | H24: 0.077261119 | I24: 0.071306169 | J24: y | K24: spec10 | L24: IT | M24: N15G3f
A25: y_IT_N15G3f_spec03 | B25: 0.96594486 | C25: 0.92993601 | D25: 0.69399149 | E25: 0.95438362 | F25: 0.88708875 | G25: 0.93836065 | H25: 0.92736818 | I25: 0.98110977 | J25: y | K25: spec03 | L25: IT | M25: N15G3f
A26: y_GB_N15G3f_spec02 | J26: y | K26: spec02 | L26: GB | M26: N15G3f
A27: y_GB_N15G3f_spec01 | B27: 0.93630132 | C27: 0.93036201 | D27: 0.98038822 | E27: 0.71862198 | F27: 0.46717313 | G27: 0.50658972 | H27: 0.043564912 | I27: 0.66081036 | J27: y | K27: spec01 | L27: GB | M27: N15G3f
A28: y_GB_N15G3f_spec04 | B28: 0.617154 | C28: 0.18431154 | D28: 0.85537038 | E28: 0.2708271 | F28: 0.43455318 | G28: 0.13524056 | H28: 0.51587569 | I28: 0.48166496 | J28: y | K28: spec04 | L28: GB | M28: N15G3f
A29: y_GB_N15G3f_spec07 | B29: 0.044764994 | C29: 0.10031998 | D29: 0.065406081 | E29: 0.017496902 | F29: 0.0061694988 | G29: 0.010398011 | H29: 0.00039390737 | I29: 0.022396589 | J29: y | K29: spec07 | L29: GB | M29: N15G3f
A30: y_GB_N15G3f_spec08 | B30: 0.067829067 | C30: 0.029551373 | D30: 0.20900527 | E30: 0.015666786 | F30: 0.0035575589 | G30: 0.15965442 | H30: 0.076812746 | I30: 0.11358866 | J30: y | K30: spec08 | L30: GB | M30: N15G3f
A31: y_GB_N15G3f_spec09 | B31: 0.35519296 | C31: 0.18896676 | D31: 0.87801066 | E31: 0.20142668 | F31: 0.098973164 | G31: 0.0067826556 | H31: 0.0079962436 | I31: 0.37401129 | J31: y | K31: spec09 | L31: GB | M31: N15G3f
A32: y_GB_N15G3f_spec10 | B32: 0.042223833 | C32: 0.072357287 | D32: 0.075299788 | E32: 0.075407921 | F32: 0.060201595 | G32: 0.071325768 | H32: 0.042782408 | I32: 0.056517268 | J32: y | K32: spec10 | L32: GB | M32: N15G3f
A33: y_GB_N15G3f_spec03 | B33: 0.68804713 | C33: 0.2970436 | D33: 0.86489125 | E33: 0.26492623 | F33: 0.46712386 | G33: 0.73970264 | H33: 0.085445653 | I33: 0.72187952 | J33: y | K33: spec03 | L33: GB | M33: N15G3f
A34: y_US_N15G3f_spec02 | J34: y | K34: spec02 | L34: US | M34: N15G3f
A35: y_US_N15G3f_spec01 | B35: 0.77813135 | C35: 0.50744312 | D35: 0.42125971 | E35: 0.33662672 | F35: 0.93405688 | G35: 0.86753647 | H35: 0.7826078 | I35: 0.10963314 | J35: y | K35: spec01 | L35: US | M35: N15G3f
A36: y_US_N15G3f_spec04 | B36: 0.068084465 | C36: 0.19594638 | D36: 0.22912033 | E36: 0.079316379 | F36: 0.92434875 | G36: 0.59205806 | H36: 0.39625648 | I36: 0.36393674 | J36: y | K36: spec04 | L36: US | M36: N15G3f
A37: y_US_N15G3f_spec07 | B37: 0.063236023 | C37: 0.089486916 | D37: 0.01033726 | E37: 0.011564684 | F37: 0.025311136 | G37: 0.013588704 | H37: 0.0088259262 | I37: 0.008056463 | J37: y | K37: spec07 | L37: US | M37: N15G3f
A38: y_US_N15G3f_spec08 | B38: 0.011570298 | C38: 0.0092395711 | D38: 0.032537458 | E38: 0.074582728 | F38: 0.35065068 | G38: 0.51628178 | H38: 0.56341132 | I38: 0.109624 | J38: y | K38: spec08 | L38: US | M38: N15G3f
A39: y_US_N15G3f_spec09 | B39: 0.00069267609 | C39: 0.14319754 | D39: 0.0093548111 | E39: 0.11110718 | F39: 0.17118969 | G39: 0.019416999 | H39: 0.16341044 | I39: 0.065599551 | J39: y | K39: spec09 | L39: US | M39: N15G3f
A40: y_US_N15G3f_spec10 | B40: 0.011491868 | C40: 0.079526145 | D40: 0.082823692 | E40: 0.0964023 | F40: 0.088993982 | G40: 0.096633065 | H40: 0.086681006 | I40: 0.075288428 | J40: y | K40: spec10 | L40: US | M40: N15G3f
A41: y_US_N15G3f_spec03 | B41: 0.073923625 | C41: 0.070274588 | D41: 0.082794797 | E41: 0.19624813 | F41: 0.34455978 | G41: 0.27447161 | H41: 0.18053624 | I41: 0.43890598 | J41: y | K41: spec03 | L41: US | M41: N15G3f
A42: y_CA_N15G3f_spec02 | J42: y | K42: spec02 | L42: CA | M42: N15G3f
A43: y_CA_N15G3f_spec01 | B43: 0.93607547 | C43: 0.77700394 | D43: 0.96565188 | E43: 0.97037988 | F43: 0.86746709 | G43: 0.9845843 | H43: 0.76438917 | I43: 0.97813124 | J43: y | K43: spec01 | L43: CA | M43: N15G3f
A44: y_CA_N15G3f_spec04 | B44: 0.97041779 | C44: 0.4490509 | D44: 0.42137135 | E44: 0.65272448 | F44: 0.032968196 | G44: 0.038280629 | H44: 0.22739366 | I44: 0.39538266 | J44: y | K44: spec04 | L44: CA | M44: N15G3f
A45: y_CA_N15G3f_spec07 | B45: 0.57651308 | C45: 0.13001296 | D45: 0.15142595 | E45: 0.14065001 | F45: 0.066765231 | G45: 0.042397967 | H45: 0.038217092 | I45: 0.016364492 | J45: y | K45: spec07 | L45: CA | M45: N15G3f
A46: y_CA_N15G3f_spec08 | B46: 0.01750118 | C46: 0.0064020752 | D46: 0.10549089 | E46: 0.068887166 | F46: 0.0013285872 | G46: 0.048936922 | H46: 0.00064300688 | I46: 0.031293908 | J46: y | K46: spec08 | L46: CA | M46: N15G3f
A47: y_CA_N15G3f_spec09 | B47: 0.93634671 | C47: 0.023935787 | D47: 0.17332458 | E47: 0.5739851 | F47: 0.10020168 | G47: 0.0017939977 | H47: 1.1720723e-05 | I47: 0.048964857 | J47: y | K47: spec09 | L47: CA | M47: N15G3f
A48: y_CA_N15G3f_spec10 | B48: 0.60683502 | C48: 0.087453509 | D48: 0.10205543 | E48: 0.11397395 | F48: 0.11016742 | G48: 0.1132656 | H48: 0.10946334 | I48: 0.10117153 | J48: y | K48: spec10 | L48: CA | M48: N15G3f
A49: y_CA_N15G3f_spec03 | B49: 0.81938103 | C49: 0.076970808 | D49: 0.33362916 | E49: 0.47987955 | F49: 0.18222659 | G49: 0.72234992 | H49: 0.26585187 | I49: 0.31682055 | J49: y | K49: spec03 | L49: CA | M49: N15G3f
A50: y_AG_N15G3f_spec02 | J50: y | K50: spec02 | L50: AG | M50: N15G3f
A51: y_AG_N15G3f_spec01 | B51: 0.86018315 | C51: 0.82454205 | D51: 0.93074963 | E51: 0.58058418 | F51: 0.11713774 | G51: 0.29720587 | H51: 0.90011823 | I51: 0.65992645 | J51: y | K51: spec01 | L51: AG | M51: N15G3f
A52: y_AG_N15G3f_spec04 | B52: 0.69955786 | C52: 0.69164906 | D52: 0.88001129 | E52: 0.74833762 | F52: 0.41163697 | G52: 0.58633152 | H52: 0.83414125 | I52: 0.53470332 | J52: y | K52: spec04 | L52: AG | M52: N15G3f
A53: y_AG_N15G3f_spec07 | B53: 0.010882438 | C53: 0.0072198351 | D53: 0.023933303 | E53: 0.0061706166 | F53: 0.0025309972 | G53: 0.0062985992 | H53: 0.034432972 | I53: 0.029707695 | J53: y | K53: spec07 | L53: AG | M53: N15G3f
A54: y_AG_N15G3f_spec08 | B54: 0.1689242 | C54: 0.056700706 | D54: 0.059787896 | E54: 0.053331431 | F54: 0.071208718 | G54: 0.085645626 | H54: 0.14709783 | I54: 0.042786723 | J54: y | K54: spec08 | L54: AG | M54: N15G3f
A55: y_AG_N15G3f_spec09 | B55: 0.02607428 | C55: 0.17728033 | D55: 0.25010058 | E55: 0.069788236 | F55: 0.14145852 | G55: 0.14898906 | H55: 0.25249718 | I55: 0.088857953 | J55: y | K55: spec09 | L55: AG | M55: N15G3f
A56: y_AG_N15G3f_spec10 | B56: 0.0003914192 | C56: 0.0053635995 | D56: 0.010402756 | E56: 0.010642886 | F56: 0.0078963047 | G56: 0.012310192 | H56: 0.036523887 | I56: 0.023798458 | J56: y | K56: spec10 | L56: AG | M56: N15G3f
A57: y_AG_N15G3f_spec03 | B57: 0.20986697 | C57: 0.47559107 | D57: 0.69623965 | E57: 0.023798125 | F57: 0.14295345 | G57: 0.36544966 | H57: 0.82850406 | I57: 0.62168197 | J57: y | K57: spec03 | L57: AG | M57: N15G3f
A58: y_BR_N15G3f_spec02 | J58: y | K58: spec02 | L58: BR | M58: N15G3f
A59: y_BR_N15G3f_spec01 | B59: 0.24356868 | C59: 0.083873552 | D59: 0.8498453 | E59: 0.77969549 | F59: 0.31175428 | G59: 0.15606246 | H59: 0.19464628 | I59: 0.5020384 | J59: y | K59: spec01 | L59: BR | M59: N15G3f
A60: y_BR_N15G3f_spec04 | B60: 0.02642829 | C60: 0.21309079 | D60: 0.71202465 | E60: 0.33245066 | F60: 0.49725358 | G60: 0.067952937 | H60: 0.49237535 | I60: 0.52467732 | J60: y | K60: spec04 | L60: BR | M60: N15G3f
A61: y_BR_N15G3f_spec07 | B61: 1.5591639e-05 | C61: 9.9658673e-05 | D61: 0.0023036926 | E61: 0.0015234698 | F61: 0.0013852072 | G61: 0.0043378435 | H61: 0.0070370642 | I61: 0.026654783 | J61: y | K61: spec07 | L61: BR | M61: N15G3f
A62: y_BR_N15G3f_spec08 | B62: 1.1245719e-23 | C62: 4.9292048e-13 | D62: 3.1028543e-11 | E62: 2.4075982e-09 | F62: 7.6733845e-09 | G62: 2.7302961e-08 | H62: 1.9205027e-07 | I62: 5.4066822e-08 | J62: y | K62: spec08 | L62: BR | M62: N15G3f
A63: y_BR_N15G3f_spec09 | B63: 0.0035613732 | C63: 0.076558904 | D63: 0.31470538 | E63: 0.044859087 | F63: 0.23724544 | G63: 0.0003498721 | H63: 0.17284407 | I63: 0.045449965 | J63: y | K63: spec09 | L63: BR | M63: N15G3f
A64: y_BR_N15G3f_spec10 | B64: 3.533908e-05 | C64: 0.0030669197 | D64: 0.013566144 | E64: 0.0098195772 | F64: 0.01277392 | G64: 0.014693977 | H64: 0.0085500285 | I64: 0.011059929 | J64: y | K64: spec10 | L64: BR | M64: N15G3f
A65: y_BR_N15G3f_spec03 | B65: 0.2357665 | C65: 0.033179248 | D65: 0.85233075 | E65: 0.46342075 | F65: 0.37050264 | G65: 0.098048117 | H65: 0.70323795 | I65: 0.50815442 | J65: y | K65: spec03 | L65: BR | M65: N15G3f
A66: y_MX_N15G3f_spec02 | J66: y | K66: spec02 | L66: MX | M66: N15G3f
A67: y_MX_N15G3f_spec01 | B67: 0.42984309 | C67: 0.35073894 | D67: 0.22658144 | E67: 0.45445375 | F67: 0.10686846 | G67: 0.62775332 | H67: 0.4653376 | I67: 0.71834607 | J67: y | K67: spec01 | L67: MX | M67: N15G3f
A68: y_MX_N15G3f_spec04 | B68: 0.10178726 | C68: 0.053946642 | D68: 0.077918705 | E68: 0.59585256 | F68: 0.035747089 | G68: 0.076030753 | H68: 0.17545435 | I68: 0.43504741 | J68: y | K68: spec04 | L68: MX | M68: N15G3f
A69: y_MX_N15G3f_spec07 | B69: 0.0051648482 | C69: 0.0019403622 | D69: 0.0074206667 | E69: 0.001114834 | F69: 0.0012082512 | G69: 0.0018563069 | H69: 0.0011740487 | I69: 0.0068809464 | J69: y | K69: spec07 | L69: MX | M69: N15G3f
A70: y_MX_N15G3f_spec08 | B70: 2.5528473e-11 | C70: 2.9046075e-08 | D70: 9.885895e-09 | E70: 8.1423372e-09 | F70: 1.5690713e-10 | G70: 4.1085768e-08 | H70: 3.5246856e-08 | I70: 2.0425892e-06 | J70: y | K70: spec08 | L70: MX | M70: N15G3f
A71: y_MX_N15G3f_spec09 | B71: 0.55875286 | C71: 0.30267037 | D71: 0.27733257 | E71: 0.69331988 | F71: 0.13880847 | G71: 0.0081805965 | H71: 0.029001771 | I71: 0.20063725 | J71: y | K71: spec09 | L71: MX | M71: N15G3f
A72: y_MX_N15G3f_spec10 | B72: 0.01706223 | C72: 0.0078841794 | D72: 0.017859961 | E72: 0.029179229 | F72: 0.016846501 | G72: 0.023401767 | H72: 0.012205366 | I72: 0.020327656 | J72: y | K72: spec10 | L72: MX | M72: N15G3f
A73: y_MX_N15G3f_spec03 | B73: 0.0058464365 | C73: 0.08315977 | D73: 0.1093152 | E73: 0.13295047 | F73: 0.02580533 | G73: 0.12704414 | H73: 0.22027304 | I73: 0.33599793 | J73: y | K73: spec03 | L73: MX | M73: N15G3f
A74: y_CN_N15G3f_spec02 | J74: y | K74: spec02 | L74: CN | M74: N15G3f
A75: y_CN_N15G3f_spec01 | B75: 0.32589762 | C75: 0.68978692 | D75: 0.94395086 | E75: 0.26384493 | F75: 0.36368146 | G75: 0.11954284 | H75: 0.20432598 | I75: 0.40432924 | J75: y | K75: spec01 | L75: CN | M75: N15G3f
A76: y_CN_N15G3f_spec04 | B76: 0.88889309 | C76: 0.49762417 | D76: 0.98363523 | E76: 0.2542468 | F76: 0.28556902 | G76: 0.17240612 | H76: 0.064427294 | I76: 0.38351927 | J76: y | K76: spec04 | L76: CN | M76: N15G3f
A77: y_CN_N15G3f_spec07 | B77: 0.23695991 | C77: 0.13624987 | D77: 0.24262868 | E77: 0.05078821 | F77: 0.1424846 | G77: 0.075839294 | H77: 0.11685042 | I77: 0.085910006 | J77: y | K77: spec07 | L77: CN | M77: N15G3f
A78: y_CN_N15G3f_spec08 | B78: 0.0013546591 | C78: 0.019283517 | D78: 0.42877888 | E78: 0.11897209 | F78: 0.3826432 | G78: 0.15653353 | H78: 0.42970286 | I78: 0.15246856 | J78: y | K78: spec08 | L78: CN | M78: N15G3f
A79: y_CN_N15G3f_spec09 | B79: 0.015800818 | C79: 0.029176069 | D79: 0.3456282 | E79: 0.0052234905 | F79: 0.045208065 | G79: 0.046633333 | H79: 0.2006461 | I79: 0.098997698 | J79: y | K79: spec09 | L79: CN | M79: N15G3f
A80: y_CN_N15G3f_spec10 | B80: 0.23712395 | C80: 0.11344629 | D80: 0.12360141 | E80: 0.096250859 | F80: 0.12210779 | G80: 0.11294432 | H80: 0.12448845 | I80: 0.08296736 | J80: y | K80: spec10 | L80: CN | M80: N15G3f
A81: y_CN_N15G3f_spec03 | B81: 0.84810685 | C81: 0.94454106 | D81: 0.98267315 | E81: 0.18403565 | F81: 0.21184964 | G81: 0.17066066 | H81: 0.10968947 | I81: 0.51142084 | J81: y | K81: spec03 | L81: CN | M81: N15G3f
A82: y_JP_N15G3f_spec02 | J82: y | K82: spec02 | L82: JP | M82: N15G3f
A83: y_JP_N15G3f_spec01 | B83: 0.91523468 | C83: 0.57155347 | D83: 0.78093119 | E83: 0.75275394 | F83: 0.8857433 | G83: 0.67718624 | H83: 0.83744333 | I83: 0.20187842 | J83: y | K83: spec01 | L83: JP | M83: N15G3f
A84: y_JP_N15G3f_spec04 | B84: 0.88498205 | C84: 0.80124218 | D84: 0.97721707 | E84: 0.50878817 | F84: 0.72803021 | G84: 0.72662624 | H84: 0.41472899 | I84: 0.23496547 | J84: y | K84: spec04 | L84: JP | M84: N15G3f
A85: y_JP_N15G3f_spec07 | B85: 0.65468959 | C85: 0.25151946 | D85: 0.097116323 | E85: 0.0048722793 | F85: 0.018184925 | G85: 0.078464172 | H85: 0.016595186 | I85: 0.0032694099 | J85: y | K85: spec07 | L85: JP | M85: N15G3f
A86: y_JP_N15G3f_spec08 | B86: 0.5126128 | C86: 0.68956994 | D86: 0.88621935 | E86: 0.73544943 | F86: 0.82809896 | G86: 0.91184771 | H86: 0.56507593 | I86: 0.24175031 | J86: y | K86: spec08 | L86: JP | M86: N15G3f
A87: y_JP_N15G3f_spec09 | B87: 0.35673658 | C87: 0.72488235 | D87: 0.84640023 | E87: 0.9360647 | F87: 0.78892979 | G87: 0.91707328 | H87: 0.48986012 | I87: 0.083948361 | J87: y | K87: spec09 | L87: JP | M87: N15G3f
A88: y_JP_N15G3f_spec10 | B88: 0.33334769 | C88: 0.084797323 | D88: 0.087738769 | E88: 0.088097024 | F88: 0.098106438 | G88: 0.11190625 | H88: 0.09936136 | I88: 0.06245589 | J88: y | K88: spec10 | L88: JP | M88: N15G3f
A89: y_JP_N15G3f_spec03 | B89: 0.90725951 | C89: 0.71130178 | D89: 0.96060138 | E89: 0.8036993 | F89: 0.97913771 | G89: 0.74956343 | H89: 0.62645916 | I89: 0.77356627 | J89: y | K89: spec03 | L89: JP | M89: N15G3f
A90: y_AU_N15G3f_spec02 | J90: y | K90: spec02 | L90: AU | M90: N15G3f
A91: y_AU_N15G3f_spec01 | B91: 0.82734577 | C91: 0.74909385 | D91: 0.41769884 | E91: 0.99150868 | F91: 0.25652099 | G91: 0.33764327 | H91: 0.62649384 | I91: 0.44711607 | J91: y | K91: spec01 | L91: AU | M91: N15G3f
A92: y_AU_N15G3f_spec04 | B92: 0.69522604 | C92: 0.83986567 | D92: 0.087879157 | E92: 0.75887203 | F92: 0.15928774 | G92: 0.1142353 | H92: 0.15726273 | I92: 0.069108868 | J92: y | K92: spec04 | L92: AU | M92: N15G3f
A93: y_AU_N15G3f_spec07 | B93: 0.063626001 | C93: 0.017107397 | D93: 0.0043556738 | E93: 0.001689709 | F93: 0.0050156006 | G93: 0.010288506 | H93: 4.8960436e-05 | I93: 0.00026237412 | J93: y | K93: spec07 | L93: AU | M93: N15G3f
A94: y_AU_N15G3f_spec08 | B94: 3.5345348e-06 | C94: 0.0020827623 | D94: 0.030919408 | E94: 0.54075171 | F94: 0.011491456 | G94: 0.0012441724 | H94: 0.0070926278 | I94: 0.0064239344 | J94: y | K94: spec08 | L94: AU | M94: N15G3f
A95: y_AU_N15G3f_spec09 | B95: 0.0010538737 | C95: 0.00471479 | D95: 0.00012094944 | E95: 0.0090497094 | F95: 0.00012753979 | G95: 0.00020461122 | H95: 1.7391062e-06 | I95: 1.2290253e-06 | J95: y | K95: spec09 | L95: AU | M95: N15G3f
A96: y_AU_N15G3f_spec10 | B96: 0.074928395 | C96: 0.078532904 | D96: 0.078299584 | E96: 0.094700403 | F96: 0.10179506 | G96: 0.099229912 | H96: 0.088466676 | I96: 0.089305574 | J96: y | K96: spec10 | L96: AU | M96: N15G3f
A97: y_AU_N15G3f_spec03 | B97: 0.45448716 | C97: 0.29473692 | D97: 0.0039944022 | E97: 0.58641819 | F97: 0.17058716 | G97: 0.0044605196 | H97: 0.011349478 | I97: 0.22624095 | J97: y | K97: spec03 | L97: AU | M97: N15G3f
A98: y_AT_N15G3f_spec02 | J98: y | K98: spec02 | L98: AT | M98: N15G3f
A99: y_AT_N15G3f_spec01 | B99: 0.46918725 | C99: 0.79833943 | D99: 0.22848551 | E99: 0.60922645 | F99: 0.047378381 | G99: 0.65443621 | H99: 0.8864054 | I99: 0.014675355 | J99: y | K99: spec01 | L99: AT | M99: N15G3f
A100: y_AT_N15G3f_spec04 | B100: 0.35532573 | C100: 0.95617196 | D100: 0.097539235 | E100: 0.5962514 | F100: 0.78586799 | G100: 0.5560015 | H100: 0.92111386 | I100: 0.49319872 | J100: y | K100: spec04 | L100: AT | M100: N15G3f
...

Sheet min_rmsfe
A1: OriginalVariableNames | B1: T_1 | C1: T_2 | D1: T_3 | E1: T_4 | F1: T_5 | G1: T_6 | H1: T_7 | I1: T_8 | J1: varcell | K1: speccell | L1: cuntcell | M1: dataspeccell
A2: y_DE_N15G3f_spec02 | B2: 0 | C2: 1 | D2: 0 | E2: 0 | F2: 0 | G2: 0 | H2: 0 | I2: 0 | J2: y | K2: spec02 | L2: DE | M2: N15G3f
A3: y_DE_N15G3f_spec01 | B3: 0 | C3: 0 | D3: 0 | E3: 0 | F3: 0 | G3: 0 | H3: 0 | I3: 1 | J3: y | K3: spec01 | L3: DE | M3: N15G3f
A4: y_DE_N15G3f_spec04 | B4: 0 | C4: 0 | D4: 0 | E4: 0 | F4: 0 | G4: 0 | H4: 0 | I4: 0 | J4: y | K4: spec04 | L4: DE | M4: N15G3f
A5: y_DE_N15G3f_spec07 | B5: 0 | C5: 0 | D5: 0 | E5: 0 | F5: 0 | G5: 0 | H5: 0 | I5: 0 | J5: y | K5: spec07 | L5: DE | M5: N15G3f
A6: y_DE_N15G3f_spec08 | B6: 0 | C6: 0 | D6: 0 | E6: 1 | F6: 1 | G6: 1 | H6: 1 | I6: 0 | J6: y | K6: spec08 | L6: DE | M6: N15G3f
A7: y_DE_N15G3f_spec09 | B7: 1 | C7: 0 | D7: 1 | E7: 0 | F7: 0 | G7: 0 | H7: 0 | I7: 0 | J7: y | K7: spec09 | L7: DE | M7: N15G3f
A8: y_DE_N15G3f_spec10 | B8: 0 | C8: 0 | D8: 0 | E8: 0 | F8: 0 | G8: 0 | H8: 0 | I8: 0 | J8: y | K8: spec10 | L8: DE | M8: N15G3f
A9: y_DE_N15G3f_spec03 | B9: 0 | C9: 0 | D9: 0 | E9: 0 | F9: 0 | G9: 0 | H9: 0 | I9: 0 | J9: y | K9: spec03 | L9: DE | M9: N15G3f
A10: y_FR_N15G3f_spec02 | B10: 0 | C10: 1 | D10: 1 | E10: 1 | F10: 0 | G10: 1 | H10: 0 | I10: 0 | J10: y | K10: spec02 | L10: FR | M10: N15G3f
A11: y_FR_N15G3f_spec01 | B11: 0 | C11: 0 | D11: 0 | E11: 0 | F11: 1 | G11: 0 | H11: 1 | I11: 1 | J11: y | K11: spec01 | L11: FR | M11: N15G3f
A12: y_FR_N15G3f_spec04 | B12: 1 | C12: 0 | D12: 0 | E12: 0 | F12: 0 | G12: 0 | H12: 0 | I12: 0 | J12: y | K12: spec04 | L12: FR | M12: N15G3f
A13: y_FR_N15G3f_spec07 | B13: 0 | C13: 0 | D13: 0 | E13: 0 | F13: 0 | G13: 0 | H13: 0 | I13: 0 | J13: y | K13: spec07 | L13: FR | M13: N15G3f
... A406: r_CH_N15G3f_spec18 | B406: 1 | C406: 0 | D406: 0 | E406: 0 | F406: 1 | G406: 1 | H406: 1 | I406: 1 | J406: r | K406: spec18 | L406: CH | M406: N15G3f

Sheet Names
A1: Row | B1: name
A2: spec01 | B2: ZS\&POOL | C2: pVAR_main
A3: spec02 | B3: ZS | C3: BVAR_Minn
A4: spec03 | B4: POOL | C4: pVAR_pooling
A5: spec04 | B5: ZSGL | C5: BVAR_Chan
A6: spec05 | B6: BVAR_MinnFlex | C6: BVAR_MinnFlex
A7: spec06 | B7: pVAR_pooltau | C7: pVAR_pooltau
A8: spec07 | B8: BFCS | C8: KK_BFCS
A9: spec08 | B9: SSSS | C9: KK_SSSS
A10: spec09 | B10: BMS | C10: KK_BMS
A11: spec10 | B11: CC | C11: KK_CC
A12: spec11 | B12: pVAR_main_01 | C12: pVAR_main_01
A13: spec12 | B13: pVAR_main_001 | C13: pVAR_main_001
... A19: spec18 | B19: J | C19: Jarocinski

Sheet pvalR_true_false10
A1: OriginalVariableNames | B1: T_1 | C1: T_2 | D1: T_3 | E1: T_4 | F1: T_5 | G1: T_6 | H1: T_7 | I1: T_8 | J1: varcell | K1: speccell | L1: cuntcell | M1: dataspeccell | N1: modelname
A2: y_DE_N15G3f_spec02 | B2: 0 | C2: 0 | D2: 0 | E2: 0 | F2: 0 | G2: 0 | H2: 0 | I2: 0 | J2: y | K2: spec02 | L2: DE | M2: N15G3f | N2: =VLOOKUP(K2,modelNames,2,FALSE) -> ZS
A3: y_DE_N15G3f_spec01 | B3: 0 | C3: 0 | D3: 0 | E3: 0 | F3: 0 | G3: 0 | H3: 0 | I3: 0 | J3: y | K3: spec01 | L3: DE | M3: N15G3f | N3: =VLOOKUP(K3,modelNames,2,FALSE) -> ZS\&POOL
A4: y_DE_N15G3f_spec04 | B4: 0 | C4: 0 | D4: 0 | E4: 0 | F4: 0 | G4: 0 | H4: 0 | I4: 0 | J4: y | K4: spec04 | L4: DE | M4: N15G3f | N4: =VLOOKUP(K4,modelNames,2,FALSE) -> ZSGL
A5: y_DE_N15G3f_spec07 | B5: 0 | C5: 0 | D5: 0 | E5: 0 | F5: 0 | G5: 0 | H5: 0 | I5: 0 | J5: y | K5: spec07 | L5: DE | M5: N15G3f | N5: =VLOOKUP(K5,modelNames,2,FALSE) -> BFCS
A6: y_DE_N15G3f_spec08 | B6: 0 | C6: 0 | D6: 0 | E6: 1 | F6: 0 | G6: 1 | H6: 0 | I6: 0 | J6: y | K6: spec08 | L6: DE | M6: N15G3f | N6: =VLOOKUP(K6,modelNames,2,FALSE) -> SSSS
A7: y_DE_N15G3f_spec09 | B7: 1 | C7: 0 | D7: 0 | E7: 0 | F7: 0 | G7: 0 | H7: 0 | I7: 0 | J7: y | K7: spec09 | L7: DE | M7: N15G3f | N7: =VLOOKUP(K7,modelNames,2,FALSE) -> BMS
A8: y_DE_N15G3f_spec10 | B8: 0 | C8: 0 | D8: 0 | E8: 0 | F8: 0 | G8: 0 | H8: 0 | I8: 0 | J8: y | K8: spec10 | L8: DE | M8: N15G3f | N8: =VLOOKUP(K8,modelNames,2,FALSE) -> CC
A9: y_DE_N15G3f_spec03 | B9: 0 | C9: 0 | D9: 0 | E9: 0 | F9: 0 | G9: 0 | H9: 0 | I9: 0 | J9: y | K9: spec03 | L9: DE | M9: N15G3f | N9: =VLOOKUP(K9,modelNames,2,FALSE) -> POOL
A10: y_FR_N15G3f_spec02 | B10: 0 | C10: 0 | D10: 0 | E10: 0 | F10: 0 | G10: 0 | H10: 0 | I10: 0 | J10: y | K10: spec02 | L10: FR | M10: N15G3f | N10: =VLOOKUP(K10,modelNames,2,FALSE) -> ZS
A11: y_FR_N15G3f_spec01 | B11: 0 | C11: 0 | D11: 0 | E11: 0 | F11: 0 | G11: 0 | H11: 1 | I11: 0 | J11: y | K11: spec01 | L11: FR | M11: N15G3f | N11: =VLOOKUP(K11,modelNames,2,FALSE) -> ZS\&POOL
A12: y_FR_N15G3f_spec04 | B12: 0 | C12: 0 | D12: 0 | E12: 0 | F12: 0 | G12: 0 | H12: 0 | I12: 0 | J12: y | K12: spec04 | L12: FR | M12: N15G3f | N12: =VLOOKUP(K12,modelNames,2,FALSE) -> ZSGL
A13: y_FR_N15G3f_spec07 | B13: 0 | C13: 0 | D13: 0 | E13: 0 | F13: 0 | G13: 0 | H13: 0 | I13: 0 | J13: y | K13: spec07 | L13: FR | M13: N15G3f | N13: =VLOOKUP(K13,modelNames,2,FALSE) -> BFCS
... A406: r_CH_N15G3f_spec18 | B406: 0 | C406: 0 | D406: 0 | E406: 0 | F406: 0 | G406: 0 | H406: 0 | I406: 0 | J406: r | K406: spec18 | L406: CH | M406: N15G3f | N406: =VLOOKUP(K406,modelNames,2,FALSE) -> J

Sheet pvalR_true_false05
A1: OriginalVariableNames | B1: T_1 | C1: T_2 | D1: T_3 | E1: T_4 | F1: T_5 | G1: T_6 | H1: T_7 | I1: T_8 | J1: varcell | K1: speccell | L1: cuntcell | M1: dataspeccell | N1: modelname
A2: y_DE_N15G3f_spec02 | B2: 0 | C2: 0 | D2: 0 | E2: 0 | F2: 0 | G2: 0 | H2: 0 | I2: 0 | J2: y | K2: spec02 | L2: DE | M2: N15G3f | N2: =VLOOKUP(K2,modelNames,2,FALSE) -> ZS
A3: y_DE_N15G3f_spec01 | B3: 0 | C3: 0 | D3: 0 | E3: 0 | F3: 0 | G3: 0 | H3: 0 | I3: 0 | J3: y | K3: spec01 | L3: DE | M3: N15G3f | N3: =VLOOKUP(K3,modelNames,2,FALSE) -> ZS\&POOL
A4: y_DE_N15G3f_spec04 | B4: 0 | C4: 0 | D4: 0 | E4: 0 | F4: 0 | G4: 0 | H4: 0 | I4: 0 | J4: y | K4: spec04 | L4: DE | M4: N15G3f | N4: =VLOOKUP(K4,modelNames,2,FALSE) -> ZSGL
A5: y_DE_N15G3f_spec07 | B5: 0 | C5: 0 | D5: 0 | E5: 0 | F5: 0 | G5: 0 | H5: 0 | I5: 0 | J5: y | K5: spec07 | L5: DE | M5: N15G3f | N5: =VLOOKUP(K5,modelNames,2,FALSE) -> BFCS
A6: y_DE_N15G3f_spec08 | B6: 0 | C6: 0 | D6: 0 | E6: 0 | F6: 0 | G6: 0 | H6: 0 | I6: 0 | J6: y | K6: spec08 | L6: DE | M6: N15G3f | N6: =VLOOKUP(K6,modelNames,2,FALSE) -> SSSS
A7: y_DE_N15G3f_spec09 | B7: 1 | C7: 0 | D7: 0 | E7: 0 | F7: 0 | G7: 0 | H7: 0 | I7: 0 | J7: y | K7: spec09 | L7: DE | M7: N15G3f | N7: =VLOOKUP(K7,modelNames,2,FALSE) -> BMS
A8: y_DE_N15G3f_spec10 | B8: 0 | C8: 0 | D8: 0 | E8: 0 | F8: 0 | G8: 0 | H8: 0 | I8: 0 | J8: y | K8: spec10 | L8: DE | M8: N15G3f | N8: =VLOOKUP(K8,modelNames,2,FALSE) -> CC
A9: y_DE_N15G3f_spec03 | B9: 0 | C9: 0 | D9: 0 | E9: 0 | F9: 0 | G9: 0 | H9: 0 | I9: 0 | J9: y | K9: spec03 | L9: DE | M9: N15G3f | N9: =VLOOKUP(K9,modelNames,2,FALSE) -> POOL
A10: y_FR_N15G3f_spec02 | B10: 0 | C10: 0 | D10: 0 | E10: 0 | F10: 0 | G10: 0 | H10: 0 | I10: 0 | J10: y | K10: spec02 | L10: FR | M10: N15G3f | N10: =VLOOKUP(K10,modelNames,2,FALSE) -> ZS
A11: y_FR_N15G3f_spec01 | B11: 0 | C11: 0 | D11: 0 | E11: 0 | F11: 0 | G11: 0 | H11: 1 | I11: 0 | J11: y | K11: spec01 | L11: FR | M11: N15G3f | N11: =VLOOKUP(K11,modelNames,2,FALSE) -> ZS\&POOL
A12: y_FR_N15G3f_spec04 | B12: 0 | C12: 0 | D12: 0 | E12: 0 | F12: 0 | G12: 0 | H12: 0 | I12: 0 | J12: y | K12: spec04 | L12: FR | M12: N15G3f | N12: =VLOOKUP(K12,modelNames,2,FALSE) -> ZSGL
A13: y_FR_N15G3f_spec07 | B13: 0 | C13: 0 | D13: 0 | E13: 0 | F13: 0 | G13: 0 | H13: 0 | I13: 0 | J13: y | K13: spec07 | L13: FR | M13: N15G3f | N13: =VLOOKUP(K13,modelNames,2,FALSE) -> BFCS
... A406: r_CH_N15G3f_spec18 | B406: 0 | C406: 0 | D406: 0 | E406: 0 | F406: 0 | G406: 0 | H406: 0 | I406: 0 | J406: r | K406: spec18 | L406: CH | M406: N15G3f | N406: =VLOOKUP(K406,modelNames,2,FALSE) -> J

Sheet pvalL_true_false10
A1: OriginalVariableNames | B1: T_1 | C1: T_2 | D1: T_3 | E1: T_4 | F1: T_5 | G1: T_6 | H1: T_7 | I1: T_8 | J1: varcell | K1: speccell | L1: cuntcell | M1: dataspeccell
A2: y_DE_N15G3f_spec02 | B2: 0 | C2: 0 | D2: 0 | E2: 0 | F2: 0 | G2: 0 | H2: 0 | I2: 0 | J2: y | K2: spec02 | L2: DE | M2: N15G3f
A3: y_DE_N15G3f_spec01 | B3: 0 | C3: 0 | D3: 0 | E3: 0 | F3: 0 | G3: 0 | H3: 0 | I3: 0 | J3: y | K3: spec01 | L3: DE | M3: N15G3f
A4: y_DE_N15G3f_spec04 | B4: 0 | C4: 1 | D4: 0 | E4: 0 | F4: 0 | G4: 0 | H4: 0 | I4: 0 | J4: y | K4: spec04 | L4: DE | M4: N15G3f
A5: y_DE_N15G3f_spec07 | B5: 0 | C5: 0 | D5: 0 | E5: 1 | F5: 1 | G5: 1 | H5: 1 | I5: 1 | J5: y | K5: spec07 | L5: DE | M5: N15G3f
A6: y_DE_N15G3f_spec08 | B6: 0 | C6: 0 | D6: 0 | E6: 0 | F6: 0 | G6: 0 | H6: 0 | I6: 0 | J6: y | K6: spec08 | L6: DE | M6: N15G3f
A7: y_DE_N15G3f_spec09 | B7: 0 | C7: 0 | D7: 0 | E7: 0 | F7: 0 | G7: 0 | H7: 1 | I7: 0 | J7: y | K7: spec09 | L7: DE | M7: N15G3f
A8: y_DE_N15G3f_spec10 | B8: 0 | C8: 0 | D8: 0 | E8: 1 | F8: 0 | G8: 0 | H8: 1 | I8: 1 | J8: y | K8: spec10 | L8: DE | M8: N15G3f
A9: y_DE_N15G3f_spec03 | B9: 0 | C9: 1 | D9: 0 | E9: 0 | F9: 0 | G9: 0 | H9: 0 | I9: 0 | J9: y | K9: spec03 | L9: DE | M9: N15G3f
A10: y_FR_N15G3f_spec02 | B10: 0 | C10: 0 | D10: 0 | E10: 0 | F10: 0 | G10: 0 | H10: 0 | I10: 0 | J10: y | K10: spec02 | L10: FR | M10: N15G3f
A11: y_FR_N15G3f_spec01 | B11: 0 | C11: 0 | D11: 1 | E11: 0 | F11: 0 | G11: 0 | H11: 0 | I11: 0 | J11: y | K11: spec01 | L11: FR | M11: N15G3f
A12: y_FR_N15G3f_spec04 | B12: 0 | C12: 1 | D12: 1 | E12: 0 | F12: 0 | G12: 0 | H12: 0 | I12: 0 | J12: y | K12: spec04 | L12: FR | M12: N15G3f
A13: y_FR_N15G3f_spec07 | B13: 1 | C13: 1 | D13: 1 | E13: 1 | F13: 1 | G13: 1 | H13: 1 | I13: 1 | J13: y | K13: spec07 | L13: FR | M13: N15G3f
... A406: r_CH_N15G3f_spec18 | B406: 0 | C406: 0 | D406: 0 | E406: 0 | F406: 0 | G406: 0 | H406: 0 | I406: 0 | J406: r | K406: spec18 | L406: CH | M406: N15G3f

Sheet pvalL_true_false05
A1: OriginalVariableNames | B1: T_1 | C1: T_2 | D1: T_3 | E1: T_4 | F1: T_5 | G1: T_6 | H1: T_7 | I1: T_8 | J1: varcell | K1: speccell | L1: cuntcell | M1: dataspeccell
A2: y_DE_N15G3f_spec02 | B2: 0 | C2: 0 | D2: 0 | E2: 0 | F2: 0 | G2: 0 | H2: 0 | I2: 0 | J2: y | K2: spec02 | L2: DE | M2: N15G3f
A3: y_DE_N15G3f_spec01 | B3: 0 | C3: 0 | D3: 0 | E3: 0 | F3: 0 | G3: 0 | H3: 0 | I3: 0 | J3: y | K3: spec01 | L3: DE | M3: N15G3f
A4: y_DE_N15G3f_spec04 | B4: 0 | C4: 0 | D4: 0 | E4: 0 | F4: 0 | G4: 0 | H4: 0 | I4: 0 | J4: y | K4: spec04 | L4: DE | M4: N15G3f
A5: y_DE_N15G3f_spec07 | B5: 0 | C5: 0 | D5: 0 | E5: 0 | F5: 0 | G5: 0 | H5: 1 | I5: 0 | J5: y | K5: spec07 | L5: DE | M5: N15G3f
A6: y_DE_N15G3f_spec08 | B6: 0 | C6: 0 | D6: 0 | E6: 0 | F6: 0 | G6: 0 | H6: 0 | I6: 0 | J6: y | K6: spec08 | L6: DE | M6: N15G3f
A7: y_DE_N15G3f_spec09 | B7: 0 | C7: 0 | D7: 0 | E7: 0 | F7: 0 | G7: 0 | H7: 0 | I7: 0 | J7: y | K7: spec09 | L7: DE | M7: N15G3f
A8: y_DE_N15G3f_spec10 | B8: 0 | C8: 0 | D8: 0 | E8: 0 | F8: 0 | G8: 0 | H8: 0 | I8: 0 | J8: y | K8: spec10 | L8: DE | M8: N15G3f
A9: y_DE_N15G3f_spec03 | B9: 0 | C9: 1 | D9: 0 | E9: 0 | F9: 0 | G9: 0 | H9: 0 | I9: 0 | J9: y | K9: spec03 | L9: DE | M9: N15G3f
A10: y_FR_N15G3f_spec02 | B10: 0 | C10: 0 | D10: 0 | E10: 0 | F10: 0 | G10: 0 | H10: 0 | I10: 0 | J10: y | K10: spec02 | L10: FR | M10: N15G3f
A11: y_FR_N15G3f_spec01 | B11: 0 | C11: 0 | D11: 0 | E11: 0 | F11: 0 | G11: 0 | H11: 0 | I11: 0 | J11: y | K11: spec01 | L11: FR | M11: N15G3f
A12: y_FR_N15G3f_spec04 | B12: 0 | C12: 0 | D12: 1 | E12: 0 | F12: 0 | G12: 0 | H12: 0 | I12: 0 | J12: y | K12: spec04 | L12: FR | M12: N15G3f
A13: y_FR_N15G3f_spec07 | B13: 1 | C13: 1 | D13: 1 | E13: 1 | F13: 1 | G13: 1 | H13: 1 | I13: 1 | J13: y | K13: spec07 | L13: FR | M13: N15G3f
... A406: r_CH_N15G3f_spec18 | B406: 0 | C406: 0 | D406: 0 | E406: 0 | F406: 0 | G406: 0 | H406: 0 | I406: 0 | J406: r | K406: spec18 | L406: CH | M406: N15G3f

Sheet pvalLR_true_false10
A1: OriginalVariableNames | B1: T_1 | C1: T_2 | D1: T_3 | E1: T_4 | F1: T_5 | G1: T_6 | H1: T_7 | I1: T_8 | J1: varcell | K1: speccell | L1: cuntcell | M1: dataspeccell
A2: y_DE_N15G3f_spec02 | B2: 0 | C2: 0 | D2: 0 | E2: 0 | F2: 0 | G2: 0 | H2: 0 | I2: 0 | J2: y | K2: spec02 | L2: DE | M2: N15G3f
A3: y_DE_N15G3f_spec01 | B3: 0 | C3: 0 | D3: 0 | E3: 0 | F3: 0 | G3: 0 | H3: 0 | I3: 0 | J3: y | K3: spec01 | L3: DE | M3: N15G3f
A4: y_DE_N15G3f_spec04 | B4: 0 | C4: 0 | D4: 0 | E4: 0 | F4: 0 | G4: 0 | H4: 0 | I4: 0 | J4: y | K4: spec04 | L4: DE | M4: N15G3f
A5: y_DE_N15G3f_spec07 | B5: 0 | C5: 0 | D5: 0 | E5: 0 | F5: 0 | G5: 0 | H5: 0 | I5: 0 | J5: y | K5: spec07 | L5: DE | M5: N15G3f
A6: y_DE_N15G3f_spec08 | B6: 0 | C6: 0 | D6: 0 | E6: 0 | F6: 0 | G6: 0 | H6: 0 | I6: 0 | J6: y | K6: spec08 | L6: DE | M6: N15G3f
A7: y_DE_N15G3f_spec09 | B7: 1 | C7: 0 | D7: 0 | E7: 0 | F7: 0 | G7: 0 | H7: 0 | I7: 0 | J7: y | K7: spec09 | L7: DE | M7: N15G3f
A8: y_DE_N15G3f_spec10 | B8: 0 | C8: 0 | D8: 0 | E8: 0 | F8: 0 | G8: 0 | H8: 0 | I8: 0 | J8: y | K8: spec10 | L8: DE | M8: N15G3f
A9: y_DE_N15G3f_spec03 | B9: 0 | C9: 0 | D9: 0 | E9: 0 | F9: 0 | G9: 0 | H9: 0 | I9: 0 | J9: y | K9: spec03 | L9: DE | M9: N15G3f
A10: y_FR_N15G3f_spec02 | B10: 0 | C10: 0 | D10: 0 | E10: 0 | F10: 0 | G10: 0 | H10: 0 | I10: 0 | J10: y | K10: spec02 | L10: FR | M10: N15G3f
A11: y_FR_N15G3f_spec01 | B11: 0 | C11: 0 | D11: 0 | E11: 0 | F11: 0 | G11: 0 | H11: 1 | I11: 0 | J11: y | K11: spec01 | L11: FR | M11: N15G3f
A12: y_FR_N15G3f_spec04 | B12: 0 | C12: 0 | D12: 0 | E12: 0 | F12: 0 | G12: 0 | H12: 0 | I12: 0 | J12: y | K12: spec04 | L12: FR | M12: N15G3f
A13: y_FR_N15G3f_spec07 | B13: 0 | C13: 0 | D13: 0 | E13: 0 | F13: 0 | G13: 0 | H13: 0 | I13: 0 | J13: y | K13: spec07 | L13: FR | M13: N15G3f
... A406: r_CH_N15G3f_spec18 | B406: 0 | C406: 0 | D406: 0 | E406: 0 | F406: 0 | G406: 0 | H406: 0 | I406: 0 | J406: r | K406: spec18 | L406: CH | M406: N15G3f

Sheet pvalLR_true_false05
A1: OriginalVariableNames | B1: T_1 | C1: T_2 | D1: T_3 | E1: T_4 | F1: T_5 | G1: T_6 | H1: T_7 | I1: T_8 | J1: varcell | K1: speccell | L1: cuntcell | M1: dataspeccell
A2: y_DE_N15G3f_spec02 | B2: 0 | C2: 0 | D2: 0 | E2: 0 | F2: 0 | G2: 0 | H2: 0 | I2: 0 | J2: y | K2: spec02 | L2: DE | M2: N15G3f
A3: y_DE_N15G3f_spec01 | B3: 0 | C3: 0 | D3: 0 | E3: 0 | F3: 0 | G3: 0 | H3: 0 | I3: 0 | J3: y | K3: spec01 | L3: DE | M3: N15G3f
A4: y_DE_N15G3f_spec04 | B4: 0 | C4: 0 | D4: 0 | E4: 0 | F4: 0 | G4: 0 | H4: 0 | I4: 0 | J4: y | K4: spec04 | L4: DE | M4: N15G3f
A5: y_DE_N15G3f_spec07 | B5: 0 | C5: 0 | D5: 0 | E5: 0 | F5: 0 | G5: 0 | H5: 0 | I5: 0 | J5: y | K5: spec07 | L5: DE | M5: N15G3f
A6: y_DE_N15G3f_spec08 | B6: 0 | C6: 0 | D6: 0 | E6: 0 | F6: 0 | G6: 0 | H6: 0 | I6: 0 | J6: y | K6: spec08 | L6: DE | M6: N15G3f
A7: y_DE_N15G3f_spec09 | B7: 0 | C7: 0 | D7: 0 | E7: 0 | F7: 0 | G7: 0 | H7: 0 | I7: 0 | J7: y | K7: spec09 | L7: DE | M7: N15G3f
A8: y_DE_N15G3f_spec10 | B8: 0 | C8: 0 | D8: 0 | E8: 0 | F8: 0 | G8: 0 | H8: 0 | I8: 0 | J8: y | K8: spec10 | L8: DE | M8: N15G3f
A9: y_DE_N15G3f_spec03 | B9: 0 | C9: 0 | D9: 0 | E9: 0 | F9: 0 | G9: 0 | H9: 0 | I9: 0 | J9: y | K9: spec03 | L9: DE | M9: N15G3f
A10: y_FR_N15G3f_spec02 | B10: 0 | C10: 0 | D10: 0 | E10: 0 | F10: 0 | G10: 0 | H10: 0 | I10: 0 | J10: y | K10: spec02 | L10: FR | M10: N15G3f
A11: y_FR_N15G3f_spec01 | B11: 0 | C11: 0 | D11: 0 | E11: 0 | F11: 0 | G11: 0 | H11: 0 | I11: 0 | J11: y | K11: spec01 | L11: FR | M11: N15G3f
A12: y_FR_N15G3f_spec04 | B12: 0 | C12: 0 | D12: 0 | E12: 0 | F12: 0 | G12: 0 | H12: 0 | I12: 0 | J12: y | K12: spec04 | L12: FR | M12: N15G3f
